bio19,bio18,bio17,bio16,bio15,bio14,bio13,bio12,bio11,bio10,bio9,bio8,bio7,bio6,bio5,bio4,bio3,bio2,bio1,wind_avg,vapr_avg,srad_avg
123,462,114,661,61.2604,31,236,1453,17.554,20.128,17.66,19.96667,13.68,11.932,25.612,110.05134,71.94201,9.84167,19.16417,22.876,20.052,168411.3281
135,505,128,684,59.35082,34,235,1539,19.504,22.228,19.56467,22.08067,13.1,14.176,27.276,116.98929,70.22391,9.19933,21.18167,23.592,22.794,169994.3281
153,527,145,714,57.86425,40,245,1622,19.734,22.51133,19.77933,22.352,13.268,14.316,27.584,119.27039,70.1437,9.30667,21.43833,23.408,23.2908,169484.25
153,527,145,714,57.86425,40,245,1622,19.734,22.51133,19.77933,22.352,13.268,14.316,27.584,119.27039,70.1437,9.30667,21.43833,23.408,23.2908,169484.25
135,505,128,684,59.35082,34,235,1539,19.504,22.228,19.56467,22.08067,13.1,14.176,27.276,116.98929,70.22391,9.19933,21.18167,23.592,22.794,169994.3281
144,512,135,695,58.69657,36,239,1568,19.51267,22.25533,19.56933,22.096,13.136,14.164,27.3,117.54252,70.27508,9.23133,21.19767,23.472,22.8568,170181.8281
144,512,135,695,58.69657,36,239,1568,19.51267,22.25533,19.56933,22.096,13.136,14.164,27.3,117.54252,70.27508,9.23133,21.19767,23.472,22.8568,170181.8281
144,512,135,695,58.69657,36,239,1568,19.51267,22.25533,19.56933,22.096,13.136,14.164,27.3,117.54252,70.27508,9.23133,21.19767,23.472,22.8568,170181.8281
144,512,135,695,58.69657,36,239,1568,19.51267,22.25533,19.56933,22.096,13.136,14.164,27.3,117.54252,70.27508,9.23133,21.19767,23.472,22.8568,170181.8281
190,573,183,781,55.26399,54,268,1803,19.80667,22.64267,19.81867,22.43333,13.028,14.488,27.516,121.94018,70.17193,9.142,21.53367,22.864,23.9456,169865.3281
190,573,183,781,55.26399,54,268,1803,19.80667,22.64267,19.81867,22.43333,13.028,14.488,27.516,121.94018,70.17193,9.142,21.53367,22.864,23.9456,169865.3281
190,573,183,781,55.26399,54,268,1803,19.80667,22.64267,19.81867,22.43333,13.028,14.488,27.516,121.94018,70.17193,9.142,21.53367,22.864,23.9456,169865.3281
192,592,192,808,55.07981,57,276,1864,20.71333,23.63067,20.71333,23.446,13.472,15.192,28.664,126.17266,70.21971,9.46,22.494,22.936,25.4608,171075.3281
10,196,8,249,106.83717,2,106,388,5.494,10.49067,5.548,9.996,25.528,-4.996,20.532,204.3108,76.79672,19.60467,8.06833,29.404,6.724,200095.1719
162,534,153,723,57.15299,45,247,1651,19.87467,22.70467,19.90733,22.49933,13.18,14.5,27.68,121.109,70.03288,9.23033,21.59817,23.636,23.7272,168926.1719
187,590,187,803,55.51267,57,273,1847,21.08867,24.03467,21.08867,23.88667,13.72,15.448,29.168,127.95245,70.06074,9.61233,22.8965,23.22,26.0312,171853.8281
187,590,187,803,55.51267,57,273,1847,21.08867,24.03467,21.08867,23.88667,13.72,15.448,29.168,127.95245,70.06074,9.61233,22.8965,23.22,26.0312,171853.8281
187,590,187,803,55.51267,57,273,1847,21.08867,24.03467,21.08867,23.88667,13.72,15.448,29.168,127.95245,70.06074,9.61233,22.8965,23.22,26.0312,171853.8281
187,590,187,803,55.51267,57,273,1847,21.08867,24.03467,21.08867,23.88667,13.72,15.448,29.168,127.95245,70.06074,9.61233,22.8965,23.22,26.0312,171853.8281
187,590,187,803,55.51267,57,273,1847,21.08867,24.03467,21.08867,23.88667,13.72,15.448,29.168,127.95245,70.06074,9.61233,22.8965,23.22,26.0312,171853.8281
145,491,135,671,57.94439,39,232,1522,18.78733,21.53867,18.85,21.30733,12.796,13.616,26.412,116.38219,70.26935,8.99167,20.4585,23.58,21.7824,165619.5
145,491,135,671,57.94439,39,232,1522,18.78733,21.53867,18.85,21.30733,12.796,13.616,26.412,116.38219,70.26935,8.99167,20.4585,23.58,21.7824,165619.5
159,535,151,720,57.42681,43,244,1642,20.09533,22.93733,20.11933,22.746,13.46,14.576,28.036,122.16262,70.00248,9.42233,21.83017,23.796,24.1052,170673.3281
185,571,185,778,54.91116,55,266,1801,20.23133,23.14867,20.23133,22.94267,13.36,14.776,28.136,125.26126,70.15219,9.37233,21.99983,23.26,24.6532,166129.75
159,535,151,720,57.42681,43,244,1642,20.09533,22.93733,20.11933,22.746,13.46,14.576,28.036,122.16262,70.00248,9.42233,21.83017,23.796,24.1052,170673.3281
177,568,177,774,55.84546,53,264,1779,20.404,23.32667,20.404,23.12,13.484,14.876,28.36,125.72404,70.28082,9.47667,22.17267,23.388,24.8268,169304.4219
178,574,178,781,56.00191,54,265,1792,20.76333,23.70933,20.76333,23.53133,13.664,15.152,28.816,127.27002,70.13076,9.58267,22.557,23.528,25.4064,171442.6719
159,537,151,727,57.61197,44,247,1656,20.08267,22.946,20.11067,22.74667,13.416,14.592,28.008,122.83264,70.02584,9.39467,21.82733,23.752,24.0916,170514
128,481,120,656,60.06359,33,225,1470,18.76733,21.52867,18.82467,21.28733,12.976,13.512,26.488,116.66903,69.739,9.04933,20.43933,23.776,21.8196,169395.0781
156,530,151,721,57.61399,44,246,1642,19.65733,22.48733,19.672,22.256,13.196,14.268,27.464,120.98522,70.20561,9.26433,21.36817,23.664,23.452,168553.1719
134,495,126,667,59.30387,36,227,1506,19.44467,22.25733,19.48733,22.03133,13.276,14.044,27.32,119.63457,69.71729,9.25567,21.15117,23.944,22.8816,171163.5
160,474,146,655,55.14023,42,225,1502,19.30333,21.97067,19.34667,21.82267,13.184,13.92,27.104,115.59428,71.72583,9.45633,20.9555,24.664,21.6064,154043.8281
93,482,79,569,63.95706,19,204,1211,18.262,21.09,18.36467,20.96867,17.068,11.024,28.092,122.51152,78.23608,13.35333,20.018,22.744,16.8464,172438.4219
37,331,30,331,84.37469,8,120,594,14.646,19.14067,14.81733,19.14067,21.532,6.1,27.632,189.44458,72.08031,15.52033,17.22383,29.492,15.7576,174689.4219
51,319,31,375,77.7226,7,130,752,17.14,24.00333,18.82067,23.39133,20.46,10.016,30.476,291.08013,61.78397,12.641,21.11017,25.064,18.9684,173457.25
117,345,105,443,54.57139,24,157,1016,22.324,27.034,22.582,26.74,15.852,16.408,32.26,199.05999,66.48792,10.53967,25.2005,36.668,27.4696,167613.25
110,371,92,484,57.72086,21,169,1095,21.844,26.15133,22.12467,25.768,15.384,15.944,31.328,180.22573,67.46187,10.37833,24.48117,36.452,27.0424,164633.5
111,369,94,481,57.43687,22,169,1089,21.828,26.17933,22.10733,25.79933,15.492,15.9,31.392,182.11247,67.41974,10.44467,24.49,36.492,26.9832,164832.8281
92,407,69,555,65.81354,14,195,1204,22.76933,26.84667,23.08733,26.29133,16.172,16.284,32.456,167.58129,69.59971,11.25567,25.23483,33.792,28.3028,163294.9219
147,371,117,487,52.62584,29,171,1128,23.18933,28.18667,24.89133,27.80933,17.652,16.392,34.116,209.72672,67.12554,11.93567,26.22483,33.824,27.0072,168422.25
118,316,92,390,52.12381,24,133,932,22.34133,27.624,22.72133,27.40067,17.816,15.788,33.604,222.83721,66.26815,11.80633,25.5555,34.404,25.8464,169060.0781
136,358,108,445,51.52566,26,153,1062,22.35333,27.60667,22.736,27.29867,18.476,15.384,33.86,219.75973,67.24219,12.42367,25.53017,33.46,25.9472,169382.9219
225,512,176,723,53.89202,47,264,1622,22.678,27.412,24.344,26.94867,17.252,15.94,33.192,196.94569,67.93801,11.72067,25.52833,30.576,27.0244,167945.25
233,523,181,744,54.06929,49,272,1662,22.90267,27.59533,24.56133,27.12133,17.124,16.2,33.324,195.25276,68.08962,11.65967,25.72917,30.348,27.3504,167089.3281
138,372,102,459,53.33883,25,161,1096,22.99667,28.12133,24.64467,27.852,17.676,16.32,34.016,220.03289,66.42718,11.94767,26.2055,31.152,27.2084,167798.6719
153,422,116,557,56.04077,30,199,1272,21.21733,27.04067,22.478,26.69267,16.444,16.036,32.48,203.73495,66.75383,11.164,24.09967,30.36,26.216,168829.75
148,407,112,532,55.64281,29,190,1221,22.44933,27.36533,22.76333,27.02133,16.684,16.204,32.888,205.56579,67.04827,11.18633,25.4285,29.924,26.6804,169191.9219
110,409,81,423,57.46571,24,157,965,22.99933,28.538,23.23333,28.43667,17.244,16.908,34.152,235.9875,63.48295,10.947,26.33317,28.5,28.0264,175025.9219
105,430,75,445,60.58301,21,169,995,22.89267,28.222,23.00867,28.10667,16.792,17,33.792,229.7002,64.19922,10.78033,26.0895,27.504,28.224,170563.75
121,445,92,460,57.02374,27,174,1050,22.77733,28.39533,22.91533,28.33133,17.564,16.604,34.168,241.17575,63.71746,11.19133,26.119,27.56,28.1692,171680.5781
125,428,125,458,44.7719,31,165,1179,20.802,28.012,20.802,27.78,20.116,14.056,34.172,303.09629,58.95804,11.86,24.75633,31.1,26.11,178998.5
110,522,110,522,54.64613,31,197,1210,21.77067,27.57067,21.77067,27.57067,18.9,15.032,33.932,252.18893,64.22752,12.139,25.1895,27.6,27.756,174557.5
60,540,31,994,77.41851,3,345,2068,24.87133,26.156,25.014,25.65867,17.92,16.292,34.212,53.94597,79.07924,14.171,25.6355,16.932,30.4216,175097.1719
50,425,30,720,77.79606,8,251,1512,19.26067,21.90467,19.35933,21.604,15.976,12.344,28.32,118.61992,70.17193,11.21067,21.017,21.268,21.7536,184414.1719
46,417,28,728,79.55461,7,260,1500,19.05267,21.75933,19.13267,21.48867,16.28,12.064,28.344,122.6111,69.7154,11.34967,20.86117,21.24,21.736,184821.0781
28,432,16,737,84.94957,4,252,1471,23.07867,25.574,23.15533,24.9,16.28,15.64,31.92,104.99335,72.00041,11.72167,24.54917,17.44,25.372,187615.6719
24,411,15,687,85.23362,4,233,1359,23.314,25.94667,23.38333,25.31533,16.948,15.624,32.572,111.9751,71.30242,12.08433,24.9025,17.152,25.6548,187381.6719
27,420,14,731,85.47224,3,251,1454,23.93933,26.25733,24.078,25.37267,15.504,16.72,32.224,95.86134,74.76995,11.59233,25.2065,16.952,25.9112,190464
27,384,10,741,87.13442,2,270,1463,24.44533,26.68867,24.59333,25.57467,17.02,16.444,33.464,93.41053,75.60125,12.86733,25.55433,16.128,26.8768,193254.0781
22,400,14,663,85.83076,4,226,1298,23.20267,25.84467,23.272,25.202,16.856,15.592,32.448,112.31021,71.66389,12.07967,24.79417,17.104,25.4352,189329.1719
28,405,15,709,85.14515,3,247,1407,24.082,26.42333,24.23067,25.46867,16.26,16.464,32.724,96.1678,75.14556,12.21867,25.33,16.808,25.9352,190437.75
28,405,15,709,85.14515,3,247,1407,24.082,26.42333,24.23067,25.46867,16.26,16.464,32.724,96.1678,75.14556,12.21867,25.33,16.808,25.9352,190437.75
28,408,15,710,84.9978,3,246,1410,24.05667,26.402,24.20467,25.45333,16.372,16.384,32.756,96.5092,74.95724,12.272,25.31067,16.844,25.8612,189175.8281
28,405,15,709,85.14515,3,247,1407,24.082,26.42333,24.23067,25.46867,16.26,16.464,32.724,96.1678,75.14556,12.21867,25.33,16.808,25.9352,190437.75
25,405,16,696,85.13048,4,235,1377,23.746,26.11333,23.82533,25.24467,15.996,16.284,32.28,100.20427,74.22065,11.892,25.07933,17.132,25.4568,188668.0781
29,404,16,709,84.84201,3,244,1404,23.80267,26.11533,23.96133,25.172,16.076,16.26,32.336,95.09617,75.27578,12.10133,25.03267,17.08,25.382,190073
30,174,13,722,85.13751,2,256,1437,23.53,25.69133,23.73467,24.54133,15.832,16.024,31.856,91.09687,76.24852,12.07167,24.5835,17.496,24.8808,192769.5
30,174,13,722,85.13751,2,256,1437,23.53,25.69133,23.73467,24.54133,15.832,16.024,31.856,91.09687,76.24852,12.07167,24.5835,17.496,24.8808,192769.5
25,401,16,694,85.14203,4,238,1371,23.57333,25.95933,23.72267,25.09267,16.456,15.92,32.376,98.077,74.22015,12.21367,24.8875,17.224,25.044,188910.8281
25,401,16,694,85.14203,4,238,1371,23.57333,25.95933,23.72267,25.09267,16.456,15.92,32.376,98.077,74.22015,12.21367,24.8875,17.224,25.044,188910.8281
28,400,16,703,84.68336,3,240,1395,23.70333,26.04,23.878,25.05533,16.06,16.168,32.228,95.80354,75.71192,12.15933,24.929,17.22,25.0692,189177.6719
19,395,14,640,86.69663,4,229,1236,23.126,25.67267,23.23667,24.892,16.592,15.548,32.14,106.17904,72.8564,12.08833,24.59483,17.236,24.7568,189034.3281
19,392,15,641,86.5511,4,228,1237,23.038,25.63267,23.148,24.82867,16.316,15.6,31.916,107.57247,73.02852,11.91533,24.52233,17.204,24.7228,189253.4219
28,381,15,684,84.79437,2,235,1353,23.5,25.73733,23.694,24.67933,15.864,15.988,31.852,92.99118,75.64717,12.00067,24.63933,17.508,24.6512,192315.9219
27,373,18,720,86.37643,3,266,1401,22.13933,24.63067,22.336,23.80933,15.38,15.172,30.552,99.56633,73.49155,11.25767,23.44617,18.376,23.304,189816.1719
28,362,17,719,87.09702,3,273,1391,21.91667,23.89,21.726,23.128,15,14.968,29.74,94.2219,74.21778,11.24567,23.2205,19.36,22.2032,190542
18,448,18,914,92.33977,4,345,1619,20.31867,23.51133,20.31867,23.116,17.84,12.64,30.48,142.31385,68.19881,12.16667,22.36333,17.452,22.9484,187564.5781
18,448,18,914,92.33977,4,345,1619,20.31867,23.51133,20.31867,23.116,17.84,12.64,30.48,142.31385,68.19881,12.16667,22.36333,17.452,22.9484,187564.5781
2,258,2,532,89.99494,0,195,1014,21.90667,24.928,21.90667,24.076,19.144,13.196,32.34,119.23731,76.82651,14.70767,23.53483,15.976,23.8196,198512.1719
2,258,2,532,89.99494,0,195,1014,21.90667,25.576,22.50733,24.72067,20.032,13.38,33.412,121.21627,76.82209,14.70767,23.53483,15.46,24.714,197924.6719
16,548,16,614,89.8416,4,235,1121,20.17533,24.086,20.17533,23.76067,21.176,11.296,32.472,177.00084,67.55446,14.30533,22.684,14.456,23.7628,188940.5
10,262,3,527,94.73657,1,208,955,21.89133,24.954,21.97133,24.102,17.128,14.124,31.252,121.65235,75.21018,12.882,23.536,18.176,23.4196,194721.9219
10,262,3,527,94.73657,1,208,955,21.89133,24.954,21.97133,24.102,17.128,14.124,31.252,121.65235,75.21018,12.882,23.536,18.176,23.4196,194721.9219
13,289,8,568,94.82876,1,222,988,21.816,24.95133,21.83467,24.29867,17.452,14.164,31.616,132.12164,72.9926,12.73867,23.656,17.184,23.3888,192899.6719
14,286,8,559,94.37991,1,218,976,21.996,25.16,22.026,24.45067,17.604,14.256,31.86,131.97422,73.41134,12.92333,23.828,17.096,23.5756,192151.4219
12,268,5,551,96.07295,1,214,959,22.706,25.71933,22.80267,24.762,16.652,15.096,31.748,118.54422,76.56538,12.74967,24.27917,17.604,24.0252,193432.8281
12,268,5,551,96.07295,1,214,959,22.706,25.71933,22.80267,24.762,16.652,15.096,31.748,118.54422,76.56538,12.74967,24.27917,17.604,24.0252,193432.8281
9,277,3,556,97.75852,0,210,942,23.00467,25.93733,23.09533,25.02533,16.496,15.508,32.004,116.08236,76.96412,12.696,24.559,17.504,24.0804,193204.5781
10,273,2,539,97.4689,0,205,915,22.53333,25.40733,22.61,24.54733,16.02,15.26,31.28,114.69946,76.56471,12.26567,24.0815,18.028,23.4908,194812.75
11,264,7,522,94.73643,1,207,914,22.56933,25.654,22.576,25.068,17.424,14.908,32.332,130.79856,73.35284,12.781,24.4055,16.948,23.8712,193612
22,487,22,641,91.38541,6,236,1109,18.85333,23.83667,18.85333,23.47,18.964,11.816,30.78,210.40394,63.56605,12.05467,21.81167,12.816,23.4764,180711.9219
13,445,13,678,97.56979,4,244,1120,20.38067,24.162,20.38067,23.818,18.092,13.136,31.228,164.69024,67.9361,12.291,22.74383,13.972,23.1116,178911.5781
3,204,3,390,92.3575,1,139,703,23.03667,26.01533,23.03667,25.42667,16.512,15.796,32.308,124.87381,75.98313,12.54633,24.78383,18,23.884,193982.5
6,204,6,403,90.26276,2,138,737,23.008,25.93533,23.008,25.36133,16.828,15.632,32.46,122.71486,75.85572,12.765,24.73217,18.54,23.7988,194116.6719
12,218,4,462,93.26197,1,179,832,24.222,26.67933,24.28933,25.67,17.292,16.124,33.416,97.3469,81.08952,14.022,25.43933,18.416,24.2944,195991
12,218,4,462,93.26197,1,179,832,24.222,26.67933,24.28933,25.67,17.292,16.124,33.416,97.3469,81.08952,14.022,25.43933,18.416,24.2944,195991
11,218,3,473,93.76784,1,182,849,24.03933,26.576,24.09,25.62,16.68,16.4,33.08,100.66827,80.32375,13.398,25.329,18.816,24.2064,195396.0781
11,215,4,454,93.3078,1,172,816,24.32933,26.82333,24.446,25.768,16.636,16.724,33.36,97.77775,80.11742,13.32833,25.5375,18.388,24.4564,196088.5
10,220,3,479,93.94511,1,181,858,23.976,26.514,24.03,25.57733,16.268,16.648,32.916,100.65088,79.64921,12.95733,25.273,18.884,24.2088,196512
15,226,4,438,89.64548,1,156,829,24.36267,27.026,24.582,25.894,17.58,16.108,33.688,103.64939,79.57338,13.989,25.6065,18.428,24.6876,195754.5
11,380,11,549,95.26964,3,205,927,18.99933,22.99933,18.99933,22.70867,16.952,12.536,29.488,172.87135,71.14205,12.06,21.501,16.284,21.9744,184950.4219
4,409,4,483,96.137,1,183,822,21.928,24.94867,21.928,24.80867,17.38,14.692,32.072,136.28369,74.089,12.87667,23.926,16.9,23.4936,189138.1719
4,409,4,483,96.137,1,183,822,21.928,24.94867,21.928,24.80867,17.38,14.692,32.072,136.28369,74.089,12.87667,23.926,16.9,23.4936,189138.1719
3,375,3,448,95.86513,1,169,757,21.81733,24.59467,21.81733,24.394,16.848,14.724,31.572,121.94722,75.1464,12.66067,23.61567,18.708,22.8648,187623.5781
12,200,1,406,92.53205,0,144,736,23.98133,26.732,24.08267,25.76133,17.532,15.996,33.528,108.32582,78.73413,13.80367,25.36817,18.7,24.95,194350.5
5,193,5,413,89.2701,1,144,777,21.15,23.78933,21.15,23.07733,17.268,13.276,30.544,106.95192,78.53641,13.56167,22.57983,20.924,22.31,197139.25
2,396,2,479,99.23961,0,178,783,20.99267,23.84467,20.99267,23.662,16.364,14.212,30.576,125.4481,74.65167,12.216,22.853,19.704,22.2852,189004.8281
11,180,2,371,90.84174,0,127,673,23.094,25.84133,23.152,25.01333,17.156,15.324,32.48,110.02864,78.28943,13.43133,24.53967,19.888,24.4164,192515.0781
11,180,2,371,90.84174,0,127,673,23.094,25.84133,23.152,25.01333,17.156,15.324,32.48,110.02864,78.28943,13.43133,24.53967,19.888,24.4164,192515.0781
14,441,14,537,92.94511,4,198,921,18.47667,21.58333,18.47667,21.44067,14.48,12.704,27.184,136.22149,74.36925,10.76867,20.508,22.832,20.6284,182857.25
9,180,1,369,90.20202,0,126,679,23.35667,26.04467,23.40467,25.33333,16.876,15.78,32.656,108.56584,78.55733,13.25733,24.80367,19.904,24.5664,192610.5781
18,397,18,477,90.82314,4,171,825,20.19,23.238,20.19,23.02,14.948,14.196,29.144,132.29949,74.2552,11.09967,22.1445,21.64,22.4576,181226.1719
9,180,1,369,90.20202,0,126,679,23.35667,26.04467,23.40467,25.33333,16.876,15.78,32.656,108.56584,78.55733,13.25733,24.80367,19.904,24.5664,192610.5781
13,338,13,497,92.20475,3,185,857,17.92933,21.48933,17.92933,21.274,16.04,11.668,27.708,152.38793,73.3936,11.77233,20.17983,21.124,20.4988,179844.5
19,397,19,477,90.86634,5,171,825,20.12133,23.128,20.12133,22.90467,14.872,14.148,29.02,130.61226,74.52259,11.083,22.0465,21.848,22.3244,181899.25
7,177,1,363,90.4469,0,125,667,22.76267,25.41267,22.80067,24.748,16.44,15.388,31.828,107.65416,78.27048,12.86767,24.2045,20.76,24.0072,193162.3281
5,229,5,448,91.34757,1,154,813,21.95533,24.72933,21.95533,24.17867,15.948,15.076,31.024,116.2385,77.48098,12.35667,23.57933,21.528,23.7108,193327.6719
10,188,10,367,86.42032,2,128,676,18.61267,21.41333,18.61267,20.974,16.484,11.5,27.984,117.43809,77.96449,12.85167,20.28017,24.396,20.4724,187708.8281
7,342,7,381,92.1066,2,139,669,21.45067,24.466,21.45067,24.184,15.428,15.18,30.608,131.57217,76.84081,11.855,23.37717,21.336,23.8708,183163.25
8,270,8,341,89.72791,2,120,623,20.65267,23.67733,20.65267,23.388,16.644,13.648,30.292,127.59212,77.32316,12.86967,22.5345,22.048,22.8868,186773.4219
6,314,6,347,93.53327,1,130,605,22.08133,25.07,22.08133,24.84533,15.708,15.668,31.376,131.30856,76.80375,12.06433,24.00617,21.16,24.7464,186386.9219
6,314,6,347,93.53327,1,130,605,22.08133,25.07,22.08133,24.84533,15.708,15.668,31.376,131.30856,76.80375,12.06433,24.00617,21.16,24.7464,186386.9219
50,294,46,366,68.73878,8,124,783,20.104,23.06133,20.74733,22.91867,15.5,13.776,29.276,128.99236,77.5613,12.022,22.021,22.684,23.2196,183041.25
50,294,46,366,68.73878,8,124,783,20.104,23.06133,20.74733,22.91867,15.5,13.776,29.276,128.99236,77.5613,12.022,22.021,22.684,23.2196,183041.25
40,275,37,333,71.01808,8,115,697,18.63,21.57067,19.31533,21.382,15.12,12.492,27.612,126.28195,77.83951,11.76933,20.49533,24.616,21.4988,184836
51,284,46,352,67.89042,9,120,757,19.518,22.42467,20.14933,22.27667,15.092,13.368,28.46,126.43622,77.81606,11.744,21.39933,23.34,22.5832,184272.6719
15,297,15,330,82.70272,4,126,637,21.164,24.00933,21.164,23.818,15.088,14.996,30.084,125.09971,77.61798,11.711,23.00583,22.284,24.1252,184180.4219
59,335,57,374,65.96568,14,138,813,19.056,21.89933,19.75067,21.73,14.96,12.956,27.916,123.98417,78.44029,11.73467,20.888,24.568,21.9576,184285
59,335,57,374,65.96568,14,138,813,19.056,21.89933,19.75067,21.73,14.96,12.956,27.916,123.98417,78.44029,11.73467,20.888,24.568,21.9576,184285
10,254,10,395,94.86161,3,144,660,19.95933,23.278,19.57467,22.98733,14.924,14.02,28.944,157.87976,70.39221,10.59767,22.2575,20.844,23.6468,180031.1719
107,364,94,403,54.42253,26,145,953,17.60333,20.532,18.278,20.39,15.86,11.088,26.948,127.17812,77.70072,12.32333,19.489,25.992,20.5848,183037.8281
17,220,16,302,84.0241,4,117,574,21.818,25.08067,22.56,24.87533,15.252,15.9,31.152,142.05435,73.71273,11.24267,23.907,20.852,25.448,182497.3281
69,326,58,371,63.32971,11,129,829,20.23867,23.40133,20.83067,23.27467,15.4,13.96,29.36,137.70169,75.51082,11.62867,22.28167,22.404,23.6756,184779.5
68,320,57,361,62.85441,10,124,812,20.10933,23.25667,20.71133,23.13467,15.44,13.828,29.268,137.63834,75.25691,11.61967,22.1485,22.496,23.4848,184332.3281
132,374,110,408,50.09466,31,148,995,16.716,21.58533,19.384,21.434,14.74,10.728,27.456,126.80566,77.41972,11.74233,18.6335,24.92,21.6216,183923.4219
15,219,14,296,84.45652,3,115,563,21.63667,24.90267,22.35,24.684,14.992,15.856,30.848,141.27899,73.68597,11.047,23.7165,21.048,25.3116,183399
34,247,32,303,74.66402,6,105,628,19.95267,23.24667,20.53333,23.22,15.892,13.508,29.4,143.79465,74.52178,11.843,22.0775,22.736,22.668,187967.75
28,251,25,290,73.60596,5,110,620,21.53067,24.91067,22.17267,24.68067,14.844,15.84,30.684,143.76577,73.41013,10.897,23.63217,21.116,25.5804,182497.75
144,276,105,296,39.96763,25,104,810,17.10067,20.68533,18.77067,20.49867,14.152,11.516,25.668,150.79949,68.7818,9.734,19.30967,25,20.5528,184690.0781
28,249,24,296,75.04916,5,114,619,21.64867,25.02067,22.26667,24.79333,14.792,15.988,30.78,143.26092,73.35047,10.85,23.73767,20.972,25.774,182284.3281
128,271,97,295,43.73292,23,105,775,17.50467,21.20933,19.166,21.00933,14.468,11.808,26.276,155.37925,68.13428,9.85767,19.76617,24.6,20.9884,185482.0781
11,148,9,314,94.36875,1,137,564,23.33,26.458,23.884,25.58,17.064,16.248,33.312,125.62628,78.92639,13.468,25.165,17.704,23.2444,192878.9219
67,311,58,368,63.94582,13,141,843,21.83933,24.90333,22.29267,24.72133,14.968,15.708,30.676,132.34694,75.89747,11.339,23.78083,20.848,26.0212,181216.0781
9,141,6,286,93.24178,1,123,530,24.23133,27.14867,24.76533,26.71933,17.62,16.792,34.412,119.33608,79.1487,13.946,25.97867,19.24,23.9912,192815.4219
27,235,25,315,80.22108,5,129,613,21.81933,25.05,22.35467,24.79933,14.268,16.276,30.544,135.73184,73.70806,10.51667,23.807,20.74,26.202,181834.5
67,309,67,444,67.7036,20,160,910,19.71933,24.188,19.71933,23.632,16.232,13.948,30.18,180.09474,67.9296,11.02633,22.29683,15.86,24.8428,174446.1719
165,264,108,287,35.87855,28,103,829,17.93467,21.85333,19.69267,21.60267,14.808,12.112,26.92,164.40974,67.00432,9.922,20.33167,23.724,22.04,186378.25
165,264,108,287,35.87855,28,103,829,17.93467,21.85333,19.69267,21.60267,14.808,12.112,26.92,164.40974,67.00432,9.922,20.33167,23.724,22.04,186378.25
41,225,37,266,70.42338,11,100,565,19.242,23.00533,19.66667,22.872,16.324,12.688,28.948,161.5953,69.40905,11.173,21.58083,23.172,22.5524,186513.25
41,225,37,266,70.42338,11,100,565,19.242,23.00533,19.66667,22.872,16.324,12.688,28.948,161.5953,69.40905,11.173,21.58083,23.172,22.5524,186513.25
159,258,103,281,36.84905,27,103,812,18.25,21.85333,19.69267,21.60267,14.808,12.28,26.92,164.40974,67.00432,10.194,20.64233,23.724,22.04,186378.25
167,255,107,278,35.58247,27,101,811,18.04733,21.95333,19.76733,21.69667,14.828,12.212,27.04,163.78082,66.97464,9.931,20.43117,23.636,22.2172,186097.4219
30,236,27,312,78.66333,6,129,618,21.14333,24.39,21.64333,24.15733,13.872,15.708,29.58,136.24439,73.12091,10.14333,23.13133,21.34,25.5652,181740.1719
5,132,3,254,96.906,0,107,457,23.802,26.71267,24.26933,26.46733,17.24,16.548,33.788,122.0571,78.10132,13.46467,25.609,20.2,24.1908,198010.6719
5,131,2,255,97.01698,0,108,459,23.75067,26.65733,24.222,26.42933,16.988,16.624,33.612,122.30243,78.17872,13.281,25.55717,20.412,24.1128,195906.75
6,134,3,251,95.77331,1,105,454,23.51667,26.51133,24.024,26.248,17.3,16.256,33.556,125.50406,79.40848,13.73767,25.36383,20.764,23.8612,194909.0781
11,155,10,308,91.82831,1,135,574,22.73333,25.98133,23.274,25.044,17.016,15.74,32.756,130.44662,76.55148,13.026,24.62433,18.38,22.7672,192891
172,259,109,275,34.11581,29,102,831,18.21067,22.158,19.93667,21.87333,14.944,12.316,27.26,165.46771,66.84734,9.98967,20.61483,23.4,22.5928,186681.6719
7,134,4,250,95.03679,1,104,455,23.22267,26.26267,23.72867,26.03533,17.48,15.892,33.372,128.13899,78.87681,13.78767,25.11217,21.048,23.7556,192195.0781
29,232,27,302,78.28401,6,126,603,20.942,24.24467,21.39133,23.98467,13.48,15.644,29.124,137.68558,71.94609,9.69833,22.93817,21.332,25.5296,182350.9219
5,132,3,238,95.76543,1,98,433,23.47467,26.57267,23.97133,26.356,17.596,16.12,33.716,130.98544,77.8965,13.70667,25.39867,21.152,24.1396,193187.5
4,125,2,245,98.39859,0,105,435,23.79533,26.864,24.27467,26.64,17.7,16.384,34.084,129.76881,77.08098,13.64333,25.687,21.432,24.178,193137
72,73,11,429,107.50298,2,184,664,23.64733,26.064,25.29467,24.29467,13.916,17.956,31.872,98.49467,75.39283,10.49167,24.7725,17.624,24.22,196275.4219
17,146,11,282,88.50864,3,120,537,24.152,26.94867,24.64733,26.64267,17.972,16.6,34.572,116.73368,76.50606,13.74967,25.83017,21.676,24.0872,191505.5
95,253,73,259,48.44869,19,97,683,20.214,23.92867,20.48667,23.86267,14.632,14.436,29.068,155.61086,67.65764,9.89967,22.40383,21.044,25.4528,184111.8281
15,209,10,274,88.90512,2,113,515,23.91467,27.07,24.65067,26.84533,17.616,16.6,34.456,122.40559,75.90637,13.293,25.7365,21.84,24.2796,189643.5781
18,147,12,287,87.63891,3,123,551,23.708,26.68867,24.19867,26.452,17.768,16.316,34.084,125.96955,75.16697,13.35567,25.52583,21.82,24.0272,191065.25
18,147,12,287,87.63891,3,123,551,23.708,26.68867,24.19867,26.452,17.768,16.316,34.084,125.96955,75.16697,13.35567,25.52583,21.82,24.0272,191065.25
23,214,18,389,94.99011,4,168,677,22.67933,25.68133,23.232,24.62,15.988,16.108,32.096,122.74203,74.86656,11.96967,24.34717,18.604,22.982,188874.9219
65,255,57,285,59.23856,17,114,676,18.59067,22.11733,18.822,21.814,12.84,13.62,26.46,146.07396,67.96469,8.72667,20.61667,22.364,23.8064,183060.75
65,255,57,285,59.23856,17,114,676,18.59067,22.11733,18.822,21.814,12.84,13.62,26.46,146.07396,67.96469,8.72667,20.61667,22.364,23.8064,183060.75
92,275,71,285,51.9378,18,104,710,20.47533,24.17933,20.70133,24.11533,14.804,14.608,29.412,155.51535,67.01342,9.92067,22.64533,20.552,25.8984,183576.5781
71,251,60,284,57.57785,18,114,678,18.24067,21.75067,18.45533,21.42333,12.48,13.424,25.904,145.26952,67.914,8.47567,20.24817,22.644,23.506,183599
7,229,6,256,95.61645,2,101,461,22.466,26.216,22.90133,26.13933,18.324,14.968,33.292,159.34502,72.6388,13.31033,24.75617,22.7,24.0356,190298.25
15,203,10,272,89.54768,2,113,511,23.42267,26.55667,23.85867,26.44267,17.58,16.144,33.724,133.58559,74.49754,13.09667,25.35367,22.296,24.2648,189412.25
7,229,6,256,95.61645,2,101,461,22.466,26.216,22.90133,26.13933,18.324,14.968,33.292,159.34502,72.6388,13.31033,24.75617,22.7,24.0356,190298.25
14,242,10,274,91.50262,3,111,509,22.59733,26.17667,23.02933,26.11467,17.98,15.228,33.208,152.48961,72.71598,13.07433,24.79383,22.684,24.0904,191273.25
56,201,52,288,67.19923,15,113,587,17.73,21.62267,18.132,21.18533,13.552,13.012,26.564,158.67948,67.21763,9.10933,19.961,22.404,23.2364,180628.3281
16,201,11,280,89.47006,3,118,527,23.154,26.446,23.588,26.36733,17.408,16.008,33.416,140.64054,73.42984,12.78267,25.18667,22.544,24.2984,189484.6719
68,232,64,303,60.93761,17,121,664,18.742,22.47067,19.06667,21.98467,12.456,14.356,26.812,151.47953,65.64975,8.17733,20.85133,21.516,24.4584,181348.1719
103,238,89,296,48.7954,24,123,727,18.26467,21.94867,18.40867,21.52267,11.9,13.804,25.704,152.5895,65.29132,7.76967,20.3255,21.66,24.094,183277.5
25,241,19,263,80.12344,4,101,532,21.008,25.05333,21.38133,25.03067,17.404,14.06,31.464,170.72581,68.61449,11.94167,23.43517,23.74,23.5648,188998.0781
25,241,19,263,80.12344,4,101,532,21.008,25.05333,21.38133,25.03067,17.404,14.06,31.464,170.72581,68.61449,11.94167,23.43517,23.74,23.5648,188998.0781
37,247,29,267,73.51161,7,102,568,20.958,24.98467,21.32933,24.95133,17.412,14.004,31.416,169.86798,68.54659,11.93533,23.36933,23.8,23.4572,191212.75
21,194,13,326,92.52238,2,140,585,22.59533,25.84733,23.086,25.08933,15.604,16.276,31.88,133.71907,73.01548,11.39333,24.485,20.372,23.3564,189936.9219
148,321,148,420,43.75834,42,156,1066,21.578,25.99667,21.578,25.31667,15.112,16.372,31.484,175.58362,66.79901,10.09467,23.99333,14.148,27.9476,173810.4219
148,321,148,420,43.75834,42,156,1066,21.578,25.99667,21.578,25.31667,15.112,16.372,31.484,175.58362,66.79901,10.09467,23.99333,14.148,27.9476,173810.4219
91,214,82,277,50.33015,21,111,666,20.54267,24.16133,20.702,23.698,11.048,16.584,27.632,149.01302,63.1879,6.981,22.55217,19.34,26.9592,183010.6719
140,254,81,269,42.57217,21,105,748,19.79667,23.804,21.29667,23.796,16.636,13.216,29.852,169.47525,64.63493,10.75267,22.202,24.276,22.7508,191112.9219
53,231,42,245,61.7587,11,99,585,21.13867,24.81933,21.32667,24.49733,13.336,16.008,29.344,153.35208,65.63187,8.75267,23.23467,19.544,27.1996,181071.9219
99,227,91,284,48.21913,24,114,692,19.53267,23.12,19.69933,22.66067,11.108,15.504,26.612,147.5259,63.5578,7.06,21.528,20.34,25.6344,183390.9219
99,227,91,284,48.21913,24,114,692,19.53267,23.12,19.69933,22.66067,11.108,15.504,26.612,147.5259,63.5578,7.06,21.528,20.34,25.6344,183390.9219
99,227,91,284,48.21913,24,114,692,19.53267,23.12,19.69933,22.66067,11.108,15.504,26.612,147.5259,63.5578,7.06,21.528,20.34,25.6344,183390.9219
99,227,91,284,48.21913,24,114,692,19.53267,23.12,19.69933,22.66067,11.108,15.504,26.612,147.5259,63.5578,7.06,21.528,20.34,25.6344,183390.9219
99,227,91,284,48.21913,24,114,692,19.53267,23.12,19.69933,22.66067,11.108,15.504,26.612,147.5259,63.5578,7.06,21.528,20.34,25.6344,183390.9219
53,233,42,246,62.33121,11,99,583,20.87733,24.51133,21.05333,24.458,13.036,15.892,28.928,151.64313,64.4753,8.405,22.94517,19.744,26.9752,180335.1719
134,238,121,291,38.12696,32,114,783,20.18333,23.75267,20.35467,23.30733,11.08,16.12,27.2,146.87621,63.88688,7.07867,22.169,19.524,26.5244,183118.5781
79,63,15,414,106.73886,3,180,641,23.85333,26.41467,25.54667,24.642,14.2,18.112,32.312,104.74216,75.20892,10.67967,25.08017,19.504,24.1616,194977.5781
27,199,20,227,76.24345,5,93,477,21.35667,25.51067,21.762,25.49133,17.684,14.3,31.984,174.95608,68.01817,12.02833,23.84883,23.676,24.0272,188631.3281
27,199,20,227,76.24345,5,93,477,21.35667,25.51067,21.762,25.49133,17.684,14.3,31.984,174.95608,68.01817,12.02833,23.84883,23.676,24.0272,188631.3281
24,191,14,341,92.96379,2,148,604,22.988,26.17533,23.50733,25.24267,16.296,16.3,32.596,129.67067,73.13655,11.91833,24.7775,20.316,23.6424,190222.3281
142,253,131,304,36.91954,37,120,821,19.052,22.67133,19.20267,22.21333,11.22,14.92,26.14,149.18476,63.71658,7.149,21.0625,20.46,25.2324,183496.0781
23,196,17,225,78.42903,4,91,462,21.384,25.55067,21.79467,25.17733,17.78,14.288,32.068,175.39867,68.13273,12.114,23.885,23.664,24.008,189300.4219
25,186,16,303,88.06121,3,126,557,22.534,26.03133,23,25.364,16.196,16.02,32.216,144.60337,70.26838,11.38067,24.59733,21.236,23.6604,190922.6719
25,186,16,303,88.06121,3,126,557,22.534,26.03133,23,25.364,16.196,16.02,32.216,144.60337,70.26838,11.38067,24.59733,21.236,23.6604,190922.6719
20,202,14,239,83.56432,3,99,467,21.434,25.586,21.84267,25.20067,17.676,14.392,32.068,175.12785,68.00369,12.02033,23.93183,23.94,23.9388,189293.5
21,235,13,267,86.79218,3,107,513,21.962,25.87867,22.35933,25.50533,17.372,14.972,32.344,165.96925,69.93629,12.17333,24.38933,23.404,24.0112,189936.75
77,240,64,265,55.31632,18,104,633,18.73467,22.7,19.24,22.338,12.58,14.044,26.88,150.0246,65.18284,8.011,20.73483,20.748,25.3404,185241
30,180,23,219,72.49907,6,90,461,20.96733,25.17467,21.36667,24.824,17.552,14,31.552,177.48301,66.84518,11.73267,23.49533,24.116,23.7804,189656.6719
67,236,55,259,58.83666,15,102,605,19.172,22.728,19.30467,22.63133,12.164,14.552,26.716,147.88628,64.51551,7.84767,21.16783,20.576,25.5372,185385.4219
25,172,16,300,89.16057,3,124,538,22.502,26.11667,22.97067,25.50133,16.632,15.792,32.424,150.56615,68.99752,11.47567,24.6575,21.76,23.8068,190797.9219
25,172,16,300,89.16057,3,124,538,22.502,26.11667,22.97067,25.50133,16.632,15.792,32.424,150.56615,68.99752,11.47567,24.6575,21.76,23.8068,190797.9219
13,198,9,241,94.19944,2,100,433,22.326,26.29467,22.75067,26.19733,17.54,15.324,32.864,167.94969,69.1353,12.12633,24.72783,23,24.2584,189298.0781
106,226,63,226,45.21416,13,84,614,21.80933,25.94933,23.41,25.94933,17.456,14.824,32.28,174.34736,63.97037,11.16667,24.26167,22.396,25.9992,191133
117,237,72,247,44.07476,18,93,673,21.82333,25.94667,23.46467,25.942,17.556,14.788,32.344,173.63385,63.96863,11.23033,24.2755,22.552,25.704,183108.25
24,186,15,341,92.50865,2,144,599,22.76067,26.038,23.292,25.17067,15.804,16.372,32.176,133.77565,71.19295,11.25133,24.628,20.956,23.772,190324
77,236,63,257,54.28117,18,99,617,19.24933,22.84733,19.38533,22.74667,12.028,14.716,26.744,149.65043,62.83948,7.55833,21.27017,20.352,25.7764,184997.4219
20,173,11,296,92.34494,2,127,527,22.79133,26.236,23.26533,25.54533,15.6,16.56,32.16,142.32616,70.34188,10.97333,24.812,21.264,23.8932,189916.8281
55,220,48,230,58.71864,13,88,552,20.62667,24.192,20.75333,24.09667,12.076,16.052,28.128,148.66464,63.87877,7.714,22.627,19.328,27.2356,182857.4219
66,223,54,240,56.68591,15,93,573,19.76067,23.31867,19.886,23.214,11.836,15.296,27.132,148.07936,62.89005,7.44367,21.7525,20.072,26.2136,184793.9219
55,220,48,230,58.71864,13,88,552,20.62667,24.192,20.75333,24.09667,12.076,16.052,28.128,148.66464,63.87877,7.714,22.627,19.328,27.2356,182857.4219
25,186,16,296,88.34439,3,128,548,22.97067,26.48867,23.45533,25.74133,16.184,16.46,32.644,144.94534,70.71387,11.44433,25.02317,21.4,23.9712,193224.25
25,186,16,296,88.34439,3,128,548,22.97067,26.48867,23.45533,25.74133,16.184,16.46,32.644,144.94534,70.71387,11.44433,25.02317,21.4,23.9712,193224.25
24,177,16,285,89.13691,4,126,525,22.804,26.38133,23.27933,25.67133,16.08,16.356,32.436,147.93108,69.5398,11.182,24.90533,21.756,23.9644,192868.3281
24,177,16,285,89.13691,4,126,525,22.804,26.38133,23.27933,25.67133,16.08,16.356,32.436,147.93108,69.5398,11.182,24.90533,21.756,23.9644,192868.3281
53,214,47,220,58.01588,12,83,538,20.75533,24.30533,20.88133,24.21733,12.06,16.196,28.256,148.22282,63.66777,7.67833,22.75617,19.1,27.51,183343
53,214,47,220,58.01588,12,83,538,20.75533,24.30533,20.88133,24.21733,12.06,16.196,28.256,148.22282,63.66777,7.67833,22.75617,19.1,27.51,183343
12,169,8,223,102.38383,2,99,377,22.244,26.27,22.642,26.16667,17.692,15.18,32.872,171.01343,68.66756,12.118,24.67967,23.076,24.1928,190010.1719
17,193,11,247,95.20547,2,105,438,21.606,25.656,22.036,25.53333,17.488,14.66,32.148,171.46791,67.37954,11.78333,24.06733,23.504,23.6024,189793.75
254,313,212,319,17.59689,63,116,1087,18.368,21.99333,19.19467,21.872,12.104,13.788,25.892,151.15534,64.27902,7.78033,20.37083,20.664,25.0004,185216.3281
36,207,29,213,68.92518,7,89,466,20.60933,24.91067,20.988,24.556,17.248,13.836,31.084,181.06947,65.07421,11.224,23.17233,24.524,23.638,189063.6719
72,210,63,219,50.07778,17,82,562,20.64067,24.20533,20.762,24.118,11.888,16.18,28.068,148.79463,63.22342,7.516,22.64567,19.128,27.5852,184018.4219
14,208,10,248,94.35543,2,96,442,21.81067,25.908,22.216,25.81667,17.596,14.812,32.408,173.58954,67.67068,11.90733,24.298,23.524,24.0268,189552.75
25,190,17,350,91.7813,3,147,617,22.68867,26.08133,23.21133,25.24,15.576,16.46,32.036,138.63347,68.89873,10.73167,24.63117,21.176,23.8876,191768.5781
25,190,17,350,91.7813,3,147,617,22.68867,26.08133,23.21133,25.24,15.576,16.46,32.036,138.63347,68.89873,10.73167,24.63117,21.176,23.8876,191768.5781
72,210,63,219,50.07778,17,82,562,20.64067,24.20533,20.762,24.118,11.888,16.18,28.068,148.79463,63.22342,7.516,22.64567,19.128,27.5852,184018.4219
24,188,17,341,91.6606,3,142,603,22.71533,26.16067,23.23933,25.326,15.648,16.46,32.108,141.02437,68.4816,10.716,24.69833,21.248,23.9184,191663.8281
14,138,9,250,99.45346,2,107,426,21.96267,25.96267,22.38933,25.51067,17.196,15.104,32.3,169.74583,67.15516,11.548,24.40867,23.26,24.0032,189640.8281
20,175,13,331,95.0875,2,139,570,22.816,26.352,23.32,25.57467,15.848,16.48,32.328,145.71607,67.88449,10.75833,24.88183,21.788,24.0796,190677.6719
20,175,13,331,95.0875,2,139,570,22.816,26.352,23.32,25.57467,15.848,16.48,32.328,145.71607,67.88449,10.75833,24.88183,21.788,24.0796,190677.6719
22,180,13,338,94.31526,2,141,585,22.71933,26.19933,23.228,25.42867,15.64,16.464,32.104,143.36871,67.94331,10.62633,24.75117,21.732,24.0184,190955.5781
19,154,12,302,97.01933,2,133,513,22.73267,26.42867,23.226,25.71333,16.292,16.208,32.5,153.90271,66.80784,10.88433,24.93583,22.112,24.1336,190731.0781
19,154,12,302,97.01933,2,133,513,22.73267,26.42867,23.226,25.71333,16.292,16.208,32.5,153.90271,66.80784,10.88433,24.93583,22.112,24.1336,190731.0781
16,124,8,270,102.78073,2,119,438,22.408,26.29867,24.27067,25.71267,16.936,15.58,32.516,165.01621,65.7239,11.131,24.7855,22.888,24.1236,190704
22,170,15,340,96.14993,3,144,579,22.61867,26.21333,23.15267,25.394,15.772,16.352,32.124,147.44209,66.69414,10.519,24.70683,22.096,24.0344,190792.25
25,222,15,276,88.59962,3,102,496,20.92533,25.15333,21.31133,24.80333,16.84,14.336,31.176,179.54755,64.21417,10.81367,23.5025,24.352,23.6468,190189.5781
128,220,97,233,33.5467,29,87,672,20.828,24.41667,21.71467,24.31133,11.032,16.784,27.816,149.03762,61.20075,6.75167,22.82317,19.256,28.4644,184126
154,197,95,202,28.45318,25,76,671,21.15333,25.12133,22.286,24.81,13.836,15.964,29.752,166.96384,61.35444,8.45467,23.42867,19.012,28.204,177442.5781
19,70,11,317,103.35093,2,140,506,22.44267,26.38267,22.94067,25.584,16.688,15.736,32.424,165.18749,61.50927,10.26467,24.80633,22.868,24.0708,190032.75
20,50,11,287,106.32528,2,126,449,22.61933,26.55867,24.59867,25.92867,16.948,15.76,32.708,167.56023,64.49729,10.931,25.03317,23.088,24.3808,190436.6719
57,196,27,446,91.21525,6,189,771,21.42867,25.04733,23.14133,23.92133,15.84,15.196,31.036,146.25969,67.71254,10.72567,23.42883,22.216,23.286,190226.1719
58,194,26,453,91.97615,6,190,776,21.32933,24.96733,23.04667,23.85867,15.896,15.08,30.976,146.9974,67.56207,10.73967,23.34717,22.416,23.2372,190575.9219
28,190,18,372,95.30307,3,159,641,22.34,26.072,22.90333,25.244,15.864,16.084,31.948,153.24477,64.52345,10.236,24.50867,22.324,24.0996,190259.25
28,160,18,364,98.15459,3,155,601,22.52067,26.53467,23.05533,25.732,16.916,15.792,32.708,166.76604,64.58185,10.92467,24.90767,22.764,24.28,190049.3281
28,160,18,364,98.15459,3,155,601,22.52067,26.53467,23.05533,25.732,16.916,15.792,32.708,166.76604,64.58185,10.92467,24.90767,22.764,24.28,190049.3281
28,160,18,364,98.15459,3,155,601,22.52067,26.53467,23.05533,25.732,16.916,15.792,32.708,166.76604,64.58185,10.92467,24.90767,22.764,24.28,190049.3281
28,160,18,364,98.15459,3,155,601,22.52067,26.53467,23.05533,25.732,16.916,15.792,32.708,166.76604,64.58185,10.92467,24.90767,22.764,24.28,190049.3281
28,160,18,364,98.15459,3,155,601,22.52067,26.53467,23.05533,25.732,16.916,15.792,32.708,166.76604,64.58185,10.92467,24.90767,22.764,24.28,190049.3281
28,146,16,352,99.50323,3,151,574,22.51133,26.53267,23.044,25.712,16.936,15.76,32.696,167.80976,61.5966,10.432,24.91333,22.816,24.3068,190169.5781
29,173,18,375,96.79047,3,159,628,22.43333,26.41667,22.978,25.63067,16.716,15.82,32.536,164.99549,64.86799,10.84333,24.793,22.704,24.2472,190081.3281
30,62,17,340,102.29533,4,147,543,22.53933,26.62533,24.628,25.734,17.116,15.672,32.788,170.40205,58.76762,10.05867,24.96933,23,24.3608,192469.6719
30,172,20,372,95.44379,4,157,628,22.07467,26.082,22.608,25.29533,16.636,15.496,32.132,166.07714,63.95768,10.64,24.44833,22.96,23.9628,191284.1719
30,172,20,372,95.44379,4,157,628,22.07467,26.082,22.608,25.29533,16.636,15.496,32.132,166.07714,63.95768,10.64,24.44833,22.96,23.9628,191284.1719
24,164,17,359,99.09614,2,155,595,22.04533,26.04333,22.59067,25.26333,16.392,15.6,31.992,165.42201,61.90622,10.14767,24.40517,23.032,24.1128,190899.0781
24,164,17,359,99.09614,2,155,595,22.04533,26.04333,22.59067,25.26333,16.392,15.6,31.992,165.42201,61.90622,10.14767,24.40517,23.032,24.1128,190899.0781
24,164,17,359,99.09614,2,155,595,22.04533,26.04333,22.59067,25.26333,16.392,15.6,31.992,165.42201,61.90622,10.14767,24.40517,23.032,24.1128,190899.0781
25,173,17,365,98.96878,2,158,609,22.06867,26.02733,22.62533,25.23933,16.284,15.68,31.964,163.46858,62.23697,10.13467,24.39567,23.004,24.1124,190270.1719
25,173,17,365,98.96878,2,158,609,22.06867,26.02733,22.62533,25.23933,16.284,15.68,31.964,163.46858,62.23697,10.13467,24.39567,23.004,24.1124,190270.1719
24,164,17,359,99.09614,2,155,595,22.04533,26.04333,22.59067,25.26333,16.392,15.6,31.992,165.42201,61.90622,10.14767,24.40517,23.032,24.1128,190899.0781
26,177,18,374,98.35597,2,162,626,21.62933,25.61533,22.17733,24.798,16.48,15.176,31.656,163.88609,63.125,10.403,23.95317,23.196,23.7488,191492.3281
124,213,77,213,34.86318,21,75,632,20.85867,24.824,22.038,24.824,15.152,15.02,30.172,166.347,63.20178,9.63267,23.13033,21.384,26.7848,190220.9219
175,220,119,234,25.193,37,85,783,21.30667,25.242,22.42133,25.196,13.84,16.052,29.892,164.55652,61.96773,8.57633,23.54983,19.444,28.556,184528.5
159,222,112,236,26.87881,33,82,751,21.51867,25.41,22.63,25.36267,14.128,16.088,30.216,162.94148,62.50944,8.83133,23.738,19.348,28.5468,188944.5781
26,177,18,374,98.35597,2,162,626,21.62933,25.61533,22.17733,24.798,16.48,15.176,31.656,163.88609,63.125,10.403,23.95317,23.196,23.7488,191492.3281
27,178,18,374,98.21932,2,162,627,21.74133,25.736,22.27933,24.94867,16.436,15.324,31.76,164.39955,63.09524,10.37033,24.0775,23.188,23.9472,191116.25
26,187,18,386,99.33217,2,167,645,21.792,25.75667,22.33067,24.976,16.4,15.396,31.796,162.87389,64.84553,10.63467,24.106,23.144,24.0656,190261.75
27,190,18,398,99.74613,2,172,662,21.65,25.54867,22.2,24.77067,16.168,15.34,31.508,159.89289,65.47296,10.58567,23.92617,23.136,23.9932,190241
261,205,177,332,26.5362,53,121,966,21.70067,25.306,22.568,23.36667,11.86,17.216,29.076,150.47192,58.2462,6.908,23.701,23.168,29.6252,190331.25
20,184,12,246,95.41905,2,108,430,21.83067,26.332,23.62067,26.26267,17.592,15.016,32.608,192.44993,61.73261,10.86,24.58467,24.484,25.0308,191094.75
162,185,77,227,37.55394,20,81,628,20.23667,24.84867,23.07733,23.41,17.752,13.348,31.1,192.91447,63.00135,11.184,22.88967,24.772,24.7428,194027.6719
27,202,14,455,103.3979,1,190,731,21.778,25.47733,22.354,24.50333,16.248,15.376,31.624,149.92123,67.06261,10.89633,23.8685,22.916,23.7684,192649.6719
188,249,132,262,25.6263,40,97,858,21.53933,25.45867,22.66733,25.426,14.228,16.068,30.296,164.29436,61.85456,8.80067,23.78367,19.404,28.618,184587.9219
188,249,132,262,25.6263,40,97,858,21.53933,25.45867,22.66733,25.426,14.228,16.068,30.296,164.29436,61.85456,8.80067,23.78367,19.404,28.618,184587.9219
125,163,61,197,39.98133,14,73,533,21.12733,25.40267,22.37533,24.12933,16.844,14.516,31.36,178.9282,64.20882,10.81533,23.56233,23.396,26.4916,193966.9219
36,218,20,478,98.16478,2,192,791,22.02467,25.456,22.622,24.45933,15.448,15.888,31.336,139.08885,68.52883,10.58633,23.95417,22.828,23.9844,192201
177,180,78,235,38.47379,21,81,646,20.23333,24.72533,22.88867,23.31733,17.776,13.576,30.988,193.0924,63.08318,11.23267,22.87567,24.716,24.8176,195388.6719
35,172,20,377,94.91038,3,158,636,20.744,25.22533,22.87267,24.48333,16.24,14.42,31.088,169.54429,62.05049,10.32633,23.17683,23.672,23.7096,191347.0781
198,255,137,265,25.10003,42,102,885,21.224,25.276,22.498,23.14867,14.192,15.856,30.116,164.18818,60.85118,8.60467,23.45733,19.564,28.4304,189052.3281
67,176,38,220,61.41132,10,94,491,21.27733,25.702,22.76267,25.31467,17.008,14.72,31.728,186.11515,62.77242,10.67633,23.8775,25.064,25.3624,195170.5
67,176,38,220,61.41132,10,94,491,21.27733,25.702,22.76267,25.31467,17.008,14.72,31.728,186.11515,62.77242,10.67633,23.8775,25.064,25.3624,195170.5
115,169,58,206,42.23365,14,77,538,21.708,25.942,22.93533,24.69867,16.708,15.148,31.856,177.03211,64.70753,10.81133,24.11667,22.992,27.2224,192840.0781
234,233,150,303,25.74563,46,113,938,21.228,25.29133,22.49133,23.20667,13.516,16.256,29.772,162.01816,62.05239,8.49867,23.44167,20.988,28.8652,188517.5781
116,169,57,212,43.16874,14,78,544,22,26.23133,23.23667,24.99933,16.708,15.44,32.148,177.09023,65.12449,10.881,24.41317,22.9,27.5628,190933.1719
31,142,16,244,89.12371,4,109,449,21.838,26.21267,23.54867,25.78267,17.424,15.108,32.532,186.32447,62.25321,10.847,24.49483,24.532,25.014,191975.6719
39,233,24,532,99.51374,3,200,865,22.98,26.252,23.60333,25.168,15.544,16.716,32.26,133.54868,68.85185,10.70233,24.78983,22.444,24.6988,194435.1719
147,185,71,232,39.72287,18,85,625,22.03533,26.06,23.166,24.87733,16,15.784,31.784,169.40563,65.00625,10.401,24.3185,22.104,27.9504,190486.4219
60,178,31,236,69.59465,9,101,485,20.67733,25.10867,22.222,24.752,17.204,14.04,31.244,188.18211,62.36534,10.72933,23.31533,25.772,24.7764,194043.5781
48,237,31,531,95.49551,4,202,887,21.794,25.17933,22.35667,24.186,15.116,15.8,30.916,136.60095,66.92688,10.11667,23.68933,23.304,23.8756,194799.75
48,237,31,531,95.49551,4,202,887,21.794,25.17933,22.35667,24.186,15.116,15.8,30.916,136.60095,66.92688,10.11667,23.68933,23.304,23.8756,194799.75
111,82,26,588,103.45941,5,232,918,24.09267,26.90667,25.742,25.428,14.652,18.14,32.792,115.6231,72.69543,10.65133,25.53933,22.34,25.2648,195306.5781
191,174,85,245,39.70932,22,88,666,20.52733,24.60733,22.846,22.27867,15.908,14.316,30.224,171.17404,64.45394,10.25333,22.84267,23.68,26.0532,193823
43,217,27,544,101.1833,4,202,867,23.33133,26.55,23.95067,25.41667,15.7,16.984,32.684,131.19435,68.86625,10.812,25.09033,22.624,24.9792,195284.8281
41,165,21,334,89.02332,5,137,593,21.526,25.84133,23.23867,25.182,17.388,14.896,32.284,179.2583,64.74388,11.25767,24.07483,24.2,25.0228,191945.8281
49,190,25,426,91.50239,4,173,734,21.27933,25.50467,23.03133,24.80933,16.52,14.928,31.448,174.33501,63.13761,10.43033,23.77317,23.54,24.6844,193262.8281
55,189,27,600,103.98552,6,233,928,21.47533,24.492,22.988,23.28933,14.86,15.472,30.332,122.4658,70.26245,10.441,23.07317,23.948,23.3968,196420.6719
27,148,13,257,94.44508,3,118,458,22.354,26.48267,23.93533,26.26133,17.548,15.716,33.264,173.12531,64.71203,11.35567,24.7875,24.4,25.8792,193338.75
64,194,31,606,100.42086,8,228,955,21.732,24.96133,23.27533,23.87733,15.284,15.588,30.872,130.00502,69.02426,10.54967,23.49483,23.62,23.88,198153.6719
24,145,12,252,95.69557,2,117,444,22.118,26.30867,23.716,26.09533,17.644,15.452,33.096,175.70687,64.32026,11.34867,24.594,24.412,25.8548,193402.0781
97,133,40,244,61.01057,10,105,540,21.62867,26.016,23.258,25.55267,17.656,14.816,32.472,187.32013,61.97327,10.942,24.24933,25.496,26.122,197628.5
166,182,71,221,38.404,21,80,613,21.322,25.58867,24.01,24.42467,16.36,15.02,31.38,180.14973,62.7282,10.26233,23.82983,24.468,26.7616,196539.5781
53,174,25,371,87.21683,5,156,666,21.26467,25.624,22.982,25.04067,16.66,14.9,31.56,181.61124,62.66907,10.44067,23.86267,23.968,25.1724,193939.8281
50,172,24,360,87.80931,5,153,647,21.36667,25.75867,23.09133,25.16533,16.5,15.096,31.596,183.0069,63.17778,10.42433,23.97983,24.004,25.2944,193804.0781
75,192,29,495,90.54649,7,194,846,20.918,24.84133,22.52867,24.06533,15.872,14.764,30.636,160.0313,63.72228,10.114,23.187,24.08,24.2356,195600.5
228,178,88,263,39.70586,23,92,716,20.08733,24.89733,23.14267,22.48133,15.96,14.464,30.424,183.60658,62.77987,9.81767,22.5845,24.34,26.3432,199051.4219
69,190,26,593,99.62117,5,223,942,22.73533,26.25667,24.358,25.38933,15.476,16.624,32.1,142.95253,66.90145,10.35367,24.74817,23.048,25.4396,200624.1719
24,135,11,242,97.21496,2,114,415,22.17333,26.446,23.76267,26.30667,17.412,15.604,33.016,180.18918,63.69171,11.09,24.71933,24.532,26.3992,194085.5781
49,163,23,345,88.14462,4,148,619,21.31067,25.696,22.99867,25.13333,16.42,15.092,31.512,183.1735,63.34349,10.401,23.92283,24.128,25.448,194080.9219
66,189,25,578,99.57167,5,219,919,22.914,26.47333,24.53533,25.65133,15.656,16.732,32.388,145.01721,66.82209,10.46167,24.96083,23.08,25.726,200056.75
63,178,27,424,88.30972,5,170,741,21.24067,25.70467,23.146,25.07533,16.36,15.216,31.576,175.84038,62.02119,10.081,23.73817,23.748,25.2764,194134.5781
22,139,11,250,98.68435,2,118,427,22.03333,26.32533,23.642,26.156,17.392,15.484,32.876,180.315,63.84545,11.104,24.582,24.556,26.2116,194261.25
66,189,25,578,99.57167,5,219,919,22.914,26.47333,24.53533,25.65133,15.656,16.732,32.388,145.01721,66.82209,10.46167,24.96083,23.08,25.726,200056.75
83,124,31,233,66.65614,9,105,496,21.68133,26.12867,23.30333,25.69067,17.244,15.104,32.348,189.74779,60.48868,10.43067,24.348,25.336,26.4544,195684.0781
68,212,26,219,71.86733,8,101,447,21.92867,26.29533,23.51533,25.94667,16.732,15.552,32.284,187.1125,60.63033,10.14467,24.57067,25.044,26.974,198056.4219
69,187,26,592,100.29163,6,225,936,22.80333,26.31267,24.41133,25.49267,15.524,16.656,32.18,142.79746,66.41115,10.30967,24.82183,23.06,25.656,200038.8281
23,139,11,252,97.99775,2,119,432,21.81467,26.184,23.43933,26.014,17.452,15.24,32.692,183.29169,63.44258,11.072,24.40733,24.756,26.1696,194976.25
23,139,11,252,97.99775,2,119,432,21.81467,26.184,23.43933,26.014,17.452,15.24,32.692,183.29169,63.44258,11.072,24.40733,24.756,26.1696,194976.25
23,139,11,252,97.99775,2,119,432,21.81467,26.184,23.43933,26.014,17.452,15.24,32.692,183.29169,63.44258,11.072,24.40733,24.756,26.1696,194976.25
23,139,11,252,97.99775,2,119,432,21.81467,26.184,23.43933,26.014,17.452,15.24,32.692,183.29169,63.44258,11.072,24.40733,24.756,26.1696,194976.25
23,143,13,264,98.18869,2,124,453,21.69467,26.036,23.31867,25.87467,17.384,15.132,32.516,182.21647,63.70993,11.07533,24.27433,24.716,26.032,194257
41,154,13,608,116.05169,2,239,868,21.848,25.19333,23.39867,24.164,15.2,15.808,31.008,134.36029,67.09211,10.198,23.69733,23.612,24.4828,199623.6719
41,154,13,608,116.05169,2,239,868,21.848,25.19333,23.39867,24.164,15.2,15.808,31.008,134.36029,67.09211,10.198,23.69733,23.612,24.4828,199623.6719
24,146,15,276,97.86387,2,129,476,21.57,25.914,23.182,25.784,17.228,15.056,32.284,182.82734,63.55158,10.94867,24.16,24.72,26.0192,194244.75
51,161,17,658,113.2116,1,268,962,22.208,25.16,23.632,24.232,14.4,16.38,30.78,119.26522,69.9537,10.07333,23.843,23.64,24.8096,198397.1719
53,161,24,325,85.82026,5,142,597,20.582,25.004,22.19533,24.53067,16.372,14.404,30.776,186.59069,62.11825,10.17,23.22767,24.664,25.2192,193910.8281
25,147,16,279,96.69466,2,129,482,21.39533,25.78733,23.01733,25.662,17.14,14.92,32.06,184.95346,62.80048,10.764,24.017,24.816,26.006,194369.75
159,119,49,233,50.22774,10,85,589,21.87133,26.13867,24.838,24.782,17.036,15.3,32.336,182.57199,62.26618,10.60767,24.40483,25.132,26.9152,194616.8281
63,187,26,581,100.94995,6,224,916,22.80733,26.388,24.38933,25.664,15.364,16.776,32.14,146.43851,64.48408,9.90733,24.89433,23.092,26.0452,201173.4219
207,158,81,257,45.03287,21,88,663,21.20867,25.364,23.586,23.07933,14.936,15.56,30.496,174.43828,63.75201,9.522,23.59833,21.952,27.8188,193030.5781
60,170,22,631,106.77415,5,247,959,24.182,27.29,25.69467,26.31867,15.108,18.072,33.18,125.90964,68.82667,10.39833,25.9065,22.548,26.6124,199810.6719
59,156,23,383,88.34422,4,154,667,20.736,25.13667,22.36467,24.60333,16.344,14.556,30.9,184.48155,61.13151,9.99133,23.35233,24.324,25.16,195022.0781
65,175,25,618,104.274,7,237,950,23.68333,27.108,25.24067,26.30133,15.404,17.56,32.964,139.46151,65.93092,10.156,25.64867,22.728,26.6172,200329.5
36,143,20,286,91.67868,4,130,506,20.708,25.11467,22.29,24.7,16.4,14.524,30.924,186.92618,61.16464,10.031,23.36117,24.956,25.7764,195125.75
62,151,24,354,85.5414,5,146,633,20.13733,24.63467,21.776,24.144,16.192,14.072,30.264,189.48745,59.72291,9.67033,22.82617,24.52,25.0152,195336.9219
105,186,37,524,85.48005,12,204,927,19.77267,23.55733,21.20467,22.68933,15.464,13.768,29.232,153.31406,63.68124,9.84767,21.8965,25.044,23.2428,201199.6719
129,120,44,214,51.0454,9,81,539,22.87333,27.12867,24.454,25.772,16.628,16.488,33.116,181.72661,61.00554,10.144,25.40633,24.288,28.0264,197432.25
64,151,24,393,88.56535,6,154,678,20.868,25.15533,22.48667,24.61,16.004,14.808,30.812,179.17316,61.10139,9.77867,23.415,24.012,25.3916,196456.0781
63,181,29,609,103.2655,8,236,943,23.224,26.79733,24.77267,26.098,15.4,17.164,32.564,146.38201,64.76191,9.97333,25.30833,22.904,26.5416,201300.5781
62,168,25,645,106.77635,6,249,977,23.924,27.208,25.45933,26.33933,15.12,17.876,32.996,133.12899,66.83422,10.10533,25.78767,22.58,26.7632,199142.5
61,173,26,598,103.95409,7,230,921,23.26667,26.822,24.79733,26.11467,15.176,17.316,32.492,145.64955,65.0984,9.87933,25.33333,22.86,26.4816,201006.5781
64,168,25,628,105.65266,7,241,957,23.68933,27.094,25.24133,26.29733,15.192,17.652,32.844,138.49011,66.11155,10.04367,25.64817,22.692,26.7036,200093.75
63,162,25,610,105.60007,7,232,929,23.612,27.066,25.166,26.326,15.208,17.596,32.804,141.06033,65.43267,9.951,25.61783,22.756,26.816,199956.5781
64,161,25,653,107.45275,6,249,985,23.654,26.976,25.13267,26.156,15.1,17.724,32.68,138.47213,65.83223,9.872,25.627,22.704,26.6456,200177.5781
259,172,113,325,45.32426,33,128,822,22.034,25.88933,23.996,23.79733,14.612,16.404,31.016,163.08847,65.23177,9.53167,24.18783,20.86,29.1136,188346.0781
158,159,45,207,49.46005,8,72,540,22.31067,26.65,25.27667,25.39733,15.78,16.34,32.12,185.10171,60.4774,9.54333,24.908,24.208,27.9088,195070.8281
158,159,45,207,49.46005,8,72,540,22.31067,26.65,25.27667,25.39733,15.78,16.34,32.12,185.10171,60.4774,9.54333,24.908,24.208,27.9088,195070.8281
94,168,33,512,88.15412,11,196,882,20.082,24.042,21.57467,23.346,15.724,14.016,29.74,162.68442,61.43263,9.65967,22.3745,24.624,24.1176,199377.5781
60,170,26,587,103.30856,7,225,908,22.72133,26.36733,24.24867,25.71867,15.288,16.748,32.036,149.98695,63.17591,9.65833,24.85983,23.116,26.3316,200749.0781
162,131,54,202,44.00887,10,70,549,21.99267,26.36267,24.95,25.15,15.948,15.956,31.904,186.10241,60.64502,9.67167,24.61383,24.104,27.7968,197214.1719
43,195,18,298,90.37407,4,132,522,20.51067,24.98933,22.10733,24.614,16.04,14.496,30.536,190.67052,60.03949,9.63033,23.2175,24.676,25.9748,197852.0781
43,195,18,298,90.37407,4,132,522,20.51067,24.98933,22.10733,24.614,16.04,14.496,30.536,190.67052,60.03949,9.63033,23.2175,24.676,25.9748,197852.0781
46,135,20,296,88.24493,5,131,526,20.20267,24.68133,21.79133,24.288,16.044,14.196,30.24,190.5583,59.90401,9.611,22.90383,24.952,25.6828,198243.9219
43,198,20,302,90.27609,4,134,529,20.66667,25.15667,22.26867,24.78067,16.024,14.664,30.688,190.93697,59.57938,9.547,23.3775,24.592,26.1104,197533.25
60,128,25,349,87.30464,6,137,601,20.26933,24.70067,21.91067,24.21067,15.84,14.348,30.188,186.37205,58.87626,9.326,22.92233,24.5,25.4288,197523.6719
95,161,34,513,88.57279,11,195,880,19.92733,23.812,21.40867,23.108,15.684,13.868,29.552,159.32944,61.70195,9.67733,22.172,24.788,23.9008,202096.4219
75,168,27,253,71.81694,9,110,506,20.434,25.15867,22.11867,24.78067,16.184,14.456,30.64,200.91679,57.12638,9.24533,23.29467,24.892,26.68,196288.75
75,168,27,253,71.81694,9,110,506,20.434,25.15867,22.11867,24.78067,16.184,14.456,30.64,200.91679,57.12638,9.24533,23.29467,24.892,26.68,196288.75
51,198,21,315,87.43456,5,134,555,20.43467,24.93467,22.06333,24.52733,15.768,14.548,30.316,190.45206,59.16625,9.32933,23.14033,24.5,26.0212,197611.75
150,148,40,193,50.86586,8,70,502,22.77467,27.18133,25.73333,26.01067,15.088,17.152,32.24,186.84125,58.636,8.847,25.41883,23.58,28.7132,194921.1719
77,150,25,510,94.68644,7,192,835,20.39733,24.13933,21.83933,23.56133,15.228,14.496,29.724,154.67549,62.01953,9.44433,22.5965,24.468,24.57,201885.6719
79,166,31,240,66.05336,9,102,504,21.152,25.84533,22.82267,25.46867,16.448,15.016,31.464,199.41947,58.48938,9.62033,23.9855,24.6,27.286,195784
162,144,44,201,50.43566,9,70,522,22.9,27.39133,25.904,26.236,14.992,17.376,32.368,190.28266,57.8464,8.67233,25.60417,22.964,29.0468,195472.9219
69,194,27,327,81.5198,8,132,593,20.17267,24.608,21.79733,24.16667,15.62,14.336,29.956,187.50828,58.56167,9.14733,22.83267,24.54,25.6948,197803.4219
62,193,24,320,83.20801,7,130,574,20.27867,24.74333,21.89533,24.31867,15.668,14.428,30.096,188.73169,58.58224,9.17867,22.956,24.5,25.9024,197431.9219
74,202,29,349,82.46923,9,137,623,20.09333,24.52267,21.75333,24.04,15.888,14.136,30.024,186.58446,57.89275,9.198,22.74733,24.6,25.4412,198568.8281
74,202,29,349,82.46923,9,137,623,20.09333,24.52267,21.75333,24.04,15.888,14.136,30.024,186.58446,57.89275,9.198,22.74733,24.6,25.4412,198568.8281
165,135,41,206,52.73744,8,69,509,22.436,26.88267,25.37267,23.09733,14.632,17.056,31.688,188.04456,58.02351,8.49,25.09967,23.432,28.5732,194746.5
70,194,27,332,81.81955,8,132,599,20.27667,24.69867,21.92533,24.256,15.672,14.416,30.088,186.74806,57.92495,9.078,22.93233,24.536,25.864,198095.6719
53,195,21,309,89.74666,7,139,542,20.62933,25.15133,22.238,24.75533,15.664,14.796,30.46,191.20845,58.61423,9.18133,23.34267,24.284,26.5708,198972.25
64,185,23,315,84.1395,7,136,571,20.59867,25.06267,22.20733,24.63867,15.604,14.772,30.376,188.12715,58.73067,9.16433,23.26817,24.3,26.3504,197813.0781
192,101,56,231,51.25079,11,79,558,22.22667,26.8,25.272,22.90467,15.476,16.512,31.988,193.6714,58.82226,9.10333,24.98133,22.792,28.7056,197469.25
53,196,23,305,87.02494,7,137,546,20.66533,25.226,22.298,24.81867,15.78,14.788,30.568,192.62405,58.08196,9.16533,23.39967,24.252,26.7104,195324.3281
89,208,35,384,82.56309,11,152,685,20.22733,24.548,21.84267,24.05733,15.792,14.296,30.088,181.44614,57.65577,9.105,22.80983,24.548,25.5996,198864.9219
89,208,35,384,82.56309,11,152,685,20.22733,24.548,21.84267,24.05733,15.792,14.296,30.088,181.44614,57.65577,9.105,22.80983,24.548,25.5996,198864.9219
86,223,23,474,96.42922,6,187,777,19.80867,23.53667,21.24133,23.06733,14.7,14.148,28.848,155.13838,59.9932,8.819,22.02917,24.888,24.506,204665.9219
269,138,75,339,60.23722,22,133,724,21.45,25.96867,24.25867,23.51733,14.784,16.056,30.84,190.29537,58.72565,8.682,24.11967,22.036,28.552,198491.8281
82,120,32,369,83.25485,10,146,653,20.46867,24.67667,22.07133,24.18333,15.656,14.544,30.2,177.09147,57.95861,9.074,22.98467,24.484,25.8144,199370.8281
269,138,75,339,60.23722,22,133,724,21.45,25.96867,24.25867,23.51733,14.784,16.056,30.84,190.29537,58.72565,8.682,24.11967,22.036,28.552,198491.8281
418,183,126,493,56.17947,41,178,1114,21.89333,25.64133,24.718,22.54667,13.032,16.988,30.02,156.88948,64.22141,8.36933,24.004,21.408,29.48,199276.75
75,111,27,430,95.62373,8,174,699,20.32333,24.25,21.83667,23.74267,15.364,14.448,29.812,164.11008,59.30096,9.111,22.66417,24.44,25.2368,199741.1719
83,219,21,480,98.21038,5,188,776,19.63067,23.31467,21.04,22.832,14.76,13.916,28.676,152.63574,60.30036,8.90033,21.8115,25.068,24.3664,205140
60,169,21,288,83.95663,6,131,527,20.60467,25.09467,22.20333,24.674,15.556,14.808,30.364,189.79536,57.7912,8.99,23.29,24.264,26.8164,198564.8281
75,111,27,430,95.62373,8,174,699,20.32333,24.25,21.83667,23.74267,15.364,14.448,29.812,164.11008,59.30096,9.111,22.66417,24.44,25.2368,199741.1719
75,111,27,430,95.62373,8,174,699,20.32333,24.25,21.83667,23.74267,15.364,14.448,29.812,164.11008,59.30096,9.111,22.66417,24.44,25.2368,199741.1719
322,146,102,383,54.39511,32,141,869,21.45867,25.35133,24.474,22.138,13.124,16.58,29.704,163.00865,62.89495,8.25433,23.68583,21.4,29.1232,203031.4219
76,115,31,375,87.47281,9,153,644,20.83933,24.84133,22.37733,24.28,15.664,14.832,30.496,167.30666,59.19731,9.27267,23.20633,24.3,25.8364,200057.6719
592,265,170,749,61.10976,53,289,1616,22.81,26.13867,25.72333,23.40533,12.5,17.936,30.436,139.93952,67.03201,8.379,24.65883,24.012,30.5156,201369.5781
307,139,79,353,57.81541,21,124,775,21.20533,25.50467,24.65333,21.92533,13.96,16.112,30.072,180.17424,60.04775,8.38267,23.69567,21.356,28.838,198452.0781
269,137,77,329,58.24564,22,121,727,22.106,26.478,25.75933,24.11267,14.496,16.792,31.288,183.13636,59.64404,8.646,24.69467,21.108,29.3984,190216.6719
280,133,74,335,60.86975,21,129,721,21.68533,26.15533,25.418,22.39933,14.596,16.38,30.976,188.00417,58.34932,8.51667,24.317,21.552,28.9004,198043.3281
260,128,69,316,60.37393,20,116,684,22.15467,26.602,25.87533,22.872,14.588,16.836,31.424,187.06838,58.84517,8.58433,24.77983,21.204,29.3988,196911.1719
251,181,70,335,52.77948,19,119,837,18.85933,23.10267,21.55267,21.844,15.228,13.144,28.372,180.55418,56.14657,8.55,21.33967,25.348,24.5592,198273.25
74,113,32,374,88.71678,9,156,639,20.86333,24.77267,22.366,24.18267,15.572,14.868,30.44,162.91649,59.46142,9.25933,23.16233,24.336,25.7512,200088.9219
105,123,43,291,66.40959,13,121,599,19.73733,23.64,21.05267,23.098,15.124,13.912,29.036,165.74404,59.88716,9.05733,22.00833,24.96,24.8164,198711.75
79,113,35,385,88.94251,10,164,662,20.75,24.54933,22.22867,23.93,15.484,14.74,30.224,157.84552,60.12227,9.30933,22.97367,24.432,25.4528,200025.0781
53,118,22,291,86.16974,5,126,515,20.93133,24.77533,22.31,24.18533,15.62,14.848,30.468,161.41693,61.28254,9.57233,23.16817,24.32,25.8396,200040.5781
581,262,167,768,64.813,54,312,1614,23.12,26.26733,25.37067,23.68933,12,18.392,30.392,131.93196,68.04722,8.16567,24.85383,24.764,30.8124,199243.25
90,211,22,483,99.32447,6,184,772,19.258,22.73867,20.55533,22.31267,14.068,13.792,27.86,143.8295,60.94208,8.57333,21.32033,25.66,24.1624,203983.5781
204,116,55,256,59.39422,16,90,574,23.04067,27.426,26.71867,23.73333,14.592,17.692,32.284,184.28169,59.77019,8.72167,25.63583,20.844,30.1608,193792.1719
69,108,33,354,90.20949,8,155,605,20.904,24.50667,22.286,23.792,15.536,14.776,30.312,149.06444,62.30904,9.68033,22.96683,24.54,25.2508,200689.25
72,106,34,370,92.00702,8,164,627,20.964,24.57733,22.37267,23.88867,15.468,14.888,30.356,149.53344,61.41927,9.50033,23.0465,24.488,25.366,200390.5781
67,201,16,468,106.06581,4,179,710,19.8,23.188,21.05,22.812,13.8,14.424,28.224,140.07427,61.5145,8.489,21.8135,25.344,24.8232,205011.6719
67,201,16,468,106.06581,4,179,710,19.8,23.188,21.05,22.812,13.8,14.424,28.224,140.07427,61.5145,8.489,21.8135,25.344,24.8232,205011.6719
59,107,27,320,89.81611,6,138,546,20.90133,24.52,22.25467,23.80267,15.636,14.708,30.344,150.31823,62.7846,9.817,22.96483,24.436,25.306,200439.5781
195,118,62,315,56.1654,17,123,745,19.27333,23.07133,21.66267,21.728,15.368,13.292,28.66,160.84208,58.65435,9.014,21.421,25.276,23.9852,199051.6719
239,124,70,347,55.32785,19,132,843,18.77133,22.50733,21.06867,21.17067,15.392,12.756,28.148,158.2813,58.46976,8.99967,20.8635,25.616,23.3292,198540.0781
89,106,43,393,87.97964,11,168,681,20.71533,24.212,22.09067,23.54,15.212,14.732,29.944,144.7203,61.46682,9.35033,22.73083,24.768,25.0396,200630.25
83,104,38,353,86.1415,11,153,620,20.67467,24.08333,21.964,23.31133,15.376,14.54,29.916,140.83704,62.89672,9.671,22.59417,24.908,24.794,200177.3281
103,103,45,418,85.77477,10,165,727,20.59133,23.93067,22.98067,23.336,15.508,14.408,29.916,138.20589,63.04058,9.77633,22.5405,24.9,24.8924,200406.0781
47,100,8,516,116.82134,2,204,727,24.962,27.30533,25.998,26.57333,13.008,19.6,32.608,94.08114,66.25666,8.61867,26.26267,23.476,27.9696,205744.5
44,99,8,499,116.91869,2,194,699,24.64333,27.09933,25.68933,26.402,13.172,19.26,32.432,98.99909,64.9585,8.55633,26.01917,23.716,27.8792,204720.4219
577,215,129,705,64.45204,42,262,1488,23.184,26.39133,25.936,23.78133,12.112,18.432,30.544,134.11086,67.77576,8.209,24.9595,24.5,30.95,201652.5
88,89,22,428,97.37822,6,163,687,20.73667,24.13333,23.15133,23.694,15.092,14.784,29.876,142.19948,63.24543,9.545,22.77217,24.744,25.47,200994.0781
98,102,50,408,85.10994,10,163,712,20.99733,24.29867,23.378,23.646,15.88,14.62,30.5,136.19865,64.71033,10.276,22.905,24.892,25.052,200351.4219
105,96,37,426,88.56859,9,164,727,20.43867,23.744,22.78467,23.18333,15.428,14.28,29.708,137.04309,64.94469,10.01967,22.37283,25.016,24.7444,201768.25
224,131,48,277,56.57614,12,95,667,21.11933,25.64333,24.096,23.054,15.868,15.244,31.112,190.38615,57.13596,9.06633,23.80417,22.94,28.0052,199712.8281
61,165,13,394,106.76794,3,149,590,20.31067,23.69,21.55333,23.332,14.1,14.788,28.888,140.43761,61.22931,8.63333,22.326,25.308,25.5104,201681
51,161,10,387,110.97458,2,148,562,20.612,23.97933,21.86333,23.592,14.12,15.076,29.196,139.43959,61.05524,8.621,22.6145,25.156,25.788,201116
102,96,50,414,85.14236,9,162,721,21.18333,24.39333,23.52933,23.71533,16.088,14.676,30.764,131.95588,66.98367,10.77633,23.03117,24.888,25.1364,201168.3281
83,99,36,354,87.68249,11,153,615,20.882,24.10933,22.108,23.36133,15.5,14.604,30.104,133.7647,65.36129,10.131,22.6945,24.776,24.8636,200924.9219
389,262,145,699,60.42548,39,264,1511,24.406,27.012,26.59467,25.66267,9.792,20.62,30.412,109.14131,69.2436,6.78033,25.8245,29.66,31.7644,197594.6719
88,98,45,383,87.72969,10,161,661,21.05133,24.296,23.36133,23.56933,15.864,14.636,30.5,133.76275,65.61607,10.40933,22.89133,24.8,24.938,201145.5
87,98,35,345,85.5775,11,148,608,20.81,24.01867,21.996,23.27267,15.464,14.524,29.988,133.48154,65.37118,10.109,22.60517,24.752,24.7964,200903.6719
99,89,28,432,93.62292,7,167,711,20.892,24.18067,23.25,23.648,15.44,14.732,30.172,136.4045,64.93523,10.026,22.831,24.824,25.3436,200009.5781
41,188,8,438,117.15953,2,170,611,22.54133,25.416,23.618,24.96733,13.156,17.312,30.468,118.13783,62.58235,8.23333,24.226,24.616,26.8456,206495.5781
99,89,31,419,91.76463,8,163,701,21.072,24.31933,23.42133,23.73533,15.664,14.788,30.452,134.10331,65.5452,10.267,22.97217,24.8,25.3876,200504.4219
82,94,33,356,90.02397,10,154,609,21.03933,24.29467,22.31267,23.55733,15.56,14.752,30.324,133.18092,65.58055,10.07633,22.82317,24.712,25.062,200855.1719
39,176,7,413,118.1582,1,161,571,22.85933,25.76333,23.91933,25.342,13.212,17.596,30.808,119.1674,62.23635,8.22267,24.56067,24.468,27.4188,206511.8281
61,149,11,374,108.99537,3,144,551,20.88467,24.22733,23.11,23.81133,14.424,15.208,29.632,138.23748,60.99325,8.79767,22.86417,25.188,26.0232,200986.0781
39,176,7,413,118.1582,1,161,571,22.85933,25.76333,23.91933,25.342,13.212,17.596,30.808,119.1674,62.23635,8.22267,24.56067,24.468,27.4188,206511.8281
39,176,7,413,118.1582,1,161,571,22.85933,25.76333,23.91933,25.342,13.212,17.596,30.808,119.1674,62.23635,8.22267,24.56067,24.468,27.4188,206511.8281
39,176,7,413,118.1582,1,161,571,22.85933,25.76333,23.91933,25.342,13.212,17.596,30.808,119.1674,62.23635,8.22267,24.56067,24.468,27.4188,206511.8281
239,105,64,351,59.74314,15,136,821,19.062,22.52467,21.13933,21.19,15.42,12.916,28.336,147.01719,59.75789,9.21467,20.957,25.26,23.3284,199710.5781
200,93,55,347,65.96907,13,141,756,19.44467,22.71067,21.53667,21.41,15.272,13.268,28.54,136.84261,61.84302,9.44467,21.24133,25.252,23.4468,200742.5781
37,190,8,464,121.14364,1,185,632,24.154,26.81067,25.20067,26.25933,13.5,18.668,32.168,108.20696,64.68642,8.73267,25.69033,24.14,27.9368,205581.3281
84,139,9,381,106.06454,2,152,582,20.69067,23.90333,22.87,23.56733,14.012,15.16,29.172,134.68221,61.95879,8.68167,22.6255,25.036,25.9464,200225.5781
84,139,9,381,106.06454,2,152,582,20.69067,23.90333,22.87,23.56733,14.012,15.16,29.172,134.68221,61.95879,8.68167,22.6255,25.036,25.9464,200225.5781
103,143,12,389,100.4842,3,157,623,20.12867,23.34133,22.29667,23.02333,13.916,14.648,28.564,135.33691,62.60659,8.71233,22.06617,25.32,25.3108,200115.6719
91,71,13,385,99.99645,3,154,619,21.07867,24.268,23.292,23.90467,14.444,15.34,29.784,134.21262,62.13422,8.97467,22.99767,24.768,25.9284,200393.1719
33,157,7,370,117.50442,1,144,514,21.584,24.494,22.62067,24.06267,13.588,16.116,29.704,118.97292,61.94436,8.417,23.2825,25.348,26.2524,207117.1719
88,74,19,358,95.41773,6,147,597,21.348,24.506,23.564,24.022,14.844,15.404,30.248,131.85303,63.79233,9.46933,23.209,24.692,25.7064,202516.3281
35,142,7,341,117.14673,0,131,473,21.43533,24.36733,22.488,23.97267,13.792,15.86,29.652,120.26594,62.65226,8.641,23.16217,25.448,26.3384,205796.9219
65,72,11,441,111.63889,3,174,658,22.788,25.15467,24.40933,24.54,13.472,17.144,30.616,94.49578,70.28899,9.46933,24.11133,23.812,26.4716,205200.3281
71,129,12,331,103.15691,4,132,509,21.146,24.38067,23.26067,24.082,14.04,15.6,29.64,135.65345,61.84235,8.68267,23.08,25,26.4932,200057.5781
45,136,8,334,112.96161,1,127,477,21.088,24.05467,23.02067,23.654,14.024,15.412,29.436,121.57469,63.8976,8.961,22.82683,25.548,26.0988,202829.5
179,131,54,293,60.18088,16,111,657,19.53733,23.428,22.154,22.27933,15.84,13.36,29.2,164.20243,57.31902,9.07933,21.84967,23.404,25.1576,198101.6719
142,125,38,318,75.05375,10,130,623,19.54667,22.98,21.88333,22.01467,14.64,13.772,28.412,144.46905,61.4959,9.003,21.60617,24.428,24.6424,196692.25
160,133,42,320,70.70366,11,129,655,19.24,22.79733,21.612,21.858,14.652,13.484,28.136,149.668,60.70389,8.89433,21.37683,24.348,24.5592,196292.8281
105,161,15,237,85.69759,3,100,439,21.15667,24.48667,23.10667,23.714,13.836,15.648,29.484,139.58404,62.16151,8.60067,23.10467,24.7,26.9908,203146
117,169,18,260,85.68226,2,113,482,20.264,23.46,22.158,22.69,13.996,14.652,28.648,133.91331,63.06326,8.82633,22.14083,25.384,25.9488,202490.5
122,151,19,230,79.48175,4,98,451,21.62667,24.87733,23.44267,24.13533,13.456,16.248,29.704,135.29067,63.1515,8.49767,23.4965,24.288,27.48,199323.0781
118,80,19,270,88.65807,3,120,487,20.588,23.71133,22.47,22.94333,13.908,15.012,28.92,130.57323,63.35682,8.81167,22.42817,25.152,26.3632,201680.4219
111,92,18,310,94.13867,4,139,531,22.24733,25.146,24.06067,24.264,13.672,16.728,30.4,117.803,66.49844,9.09167,23.9295,24.068,27.9664,201012.6719
194,162,36,277,71.60396,8,113,594,21.77133,25.04067,23.662,24.23867,14.456,15.88,30.336,135.47143,62.54611,9.04167,23.65383,23.492,27.762,204231.6719
201,186,47,308,64.82478,13,122,742,20.85133,23.90267,23.286,23.32467,14.112,14.868,28.98,131.42619,62.23309,8.78233,22.64183,24.752,26.4044,199692.4219
201,186,47,308,64.82478,13,122,742,20.85133,23.90267,23.286,23.32467,14.112,14.868,28.98,131.42619,62.23309,8.78233,22.64183,24.752,26.4044,199692.4219
439,297,90,484,56.95802,26,176,1206,20.02933,23.3,22.55133,20.648,13.804,14.476,28.28,136.35981,63.03245,8.701,21.9135,24.556,26.6252,202025.4219
421,214,79,470,62.09315,19,177,1039,19.32667,22.61267,21.84533,19.90733,12.208,14.628,26.836,136.27258,64.12188,7.828,21.19033,22.816,25.9668,203868.1719
395,274,74,456,59.24153,21,160,1100,22.38,25.44533,24.732,22.97467,13.876,16.724,30.6,126.80335,66.01566,9.16033,24.1405,23.692,29.2252,205688.3281
