bio14,bio12,bio7,bio4,bio3,bio1,wind_avg,vapr_avg,srad_avg
0.079090898,0.076447234,0.040419527,0.033280739,0.049324442,0.037660189,0.046128523,0.036881862,0.040835848
0.086744856,0.080971984,0.038705833,0.035378852,0.048146488,0.04162485,0.047572308,0.041925252,0.041219689
0.102052771,0.085338895,0.039202214,0.036068681,0.048091495,0.042129222,0.047201279,0.042839022,0.041096007
0.102052771,0.085338895,0.039202214,0.036068681,0.048091495,0.042129222,0.047201279,0.042839022,0.041096007
0.086744856,0.080971984,0.038705833,0.035378852,0.048146488,0.04162485,0.047572308,0.041925252,0.041219689
0.091847494,0.082497772,0.038812201,0.035546155,0.048181571,0.041656292,0.047330333,0.042040761,0.041265153
0.091847494,0.082497772,0.038812201,0.035546155,0.048181571,0.041656292,0.047330333,0.042040761,0.041265153
0.091847494,0.082497772,0.038812201,0.035546155,0.048181571,0.041656292,0.047330333,0.042040761,0.041265153
0.091847494,0.082497772,0.038812201,0.035546155,0.048181571,0.041656292,0.047330333,0.042040761,0.041265153
0.137771241,0.094861915,0.038493099,0.036876055,0.04811085,0.042316578,0.046104325,0.044043403,0.041188409
0.137771241,0.094861915,0.038493099,0.036876055,0.04811085,0.042316578,0.046104325,0.044043403,0.041188409
0.137771241,0.094861915,0.038493099,0.036876055,0.04811085,0.042316578,0.046104325,0.044043403,0.041188409
0.145425199,0.098071331,0.039804961,0.038156004,0.048143609,0.044203756,0.04624951,0.046830326,0.041481806
0.005102639,0.02041399,0.075426146,0.061785839,0.052652898,0.015855361,0.059291969,0.012367526,0.048518447
0.114809368,0.086864682,0.038942205,0.036624697,0.048015516,0.042443329,0.047661032,0.043641697,0.040960686
0.145425199,0.097176904,0.040537713,0.038694232,0.048034617,0.044994723,0.046822185,0.047879469,0.041670575
0.145425199,0.097176904,0.040537713,0.038694232,0.048034617,0.044994723,0.046822185,0.047879469,0.041670575
0.145425199,0.097176904,0.040537713,0.038694232,0.048034617,0.044994723,0.046822185,0.047879469,0.041670575
0.145425199,0.097176904,0.040537713,0.038694232,0.048034617,0.044994723,0.046822185,0.047879469,0.041670575
0.145425199,0.097176904,0.040537713,0.038694232,0.048034617,0.044994723,0.046822185,0.047879469,0.041670575
0.099501452,0.080077557,0.037807622,0.035195258,0.048177643,0.040203723,0.04754811,0.040064605,0.040158894
0.099501452,0.080077557,0.037807622,0.035195258,0.048177643,0.040203723,0.04754811,0.040064605,0.040158894
0.109706729,0.086391162,0.039769505,0.036943324,0.047994673,0.04289924,0.047983665,0.044336957,0.041384331
0.140322561,0.094756689,0.039474041,0.037880387,0.048097316,0.043232645,0.046902843,0.045344899,0.040282618
0.109706729,0.086391162,0.039769505,0.036943324,0.047994673,0.04289924,0.047983665,0.044336957,0.041384331
0.135219922,0.093599194,0.039840417,0.038020336,0.048185507,0.043572299,0.04716095,0.045664203,0.041052403
0.137771241,0.094283168,0.040372253,0.038487858,0.048082624,0.04432756,0.047443254,0.046730268,0.041570879
0.112258048,0.087127749,0.039639501,0.037145945,0.048010689,0.042893659,0.047894941,0.044311942,0.041345697
0.084193536,0.077341662,0.038339458,0.035282001,0.047814027,0.040166052,0.047943336,0.040133028,0.041074385
0.112258048,0.086391162,0.038989479,0.036587265,0.048133942,0.041991348,0.047717493,0.043135519,0.040870242
0.091847494,0.079235743,0.039225851,0.036178814,0.047799143,0.041564914,0.048282101,0.042086376,0.041503186
0.10715541,0.07902529,0.038954024,0.034956985,0.049176226,0.041180395,0.049733952,0.039740887,0.037352062
0.048475066,0.063714797,0.05042986,0.037048835,0.053639744,0.039338081,0.04586235,0.030985767,0.041812325
0.020410554,0.031252345,0.06361939,0.057290131,0.049419262,0.033847159,0.059469418,0.028983125,0.042358141
0.017859235,0.039565258,0.060452012,0.088025842,0.042359948,0.041484343,0.050540536,0.034888785,0.042059367
0.061231663,0.053455189,0.046837013,0.060197937,0.045585042,0.049522395,0.07393953,0.050525134,0.040642333
0.053577705,0.057611646,0.04545424,0.054502249,0.046252795,0.048108815,0.073503974,0.049739381,0.039919812
0.056129024,0.057295966,0.045773341,0.05507282,0.046223911,0.048126167,0.073584633,0.049630493,0.039968145
0.03571847,0.063346504,0.047782499,0.05067843,0.047718528,0.049589858,0.068140193,0.052057648,0.039595238
0.073988259,0.059347887,0.052155372,0.063423673,0.046022203,0.051535343,0.068204719,0.049674637,0.040838496
0.061231663,0.049035666,0.052639934,0.06738843,0.045434364,0.050220018,0.069374266,0.047539565,0.040993155
0.066334301,0.055875404,0.054589998,0.066457766,0.04610218,0.050170242,0.067470728,0.047724967,0.041071437
0.119912006,0.085338895,0.050973514,0.059558549,0.046579244,0.050166626,0.06165526,0.049706273,0.040722835
0.125014645,0.08744343,0.05059532,0.059046588,0.04668319,0.050561304,0.061195507,0.050305888,0.040515294
0.063782982,0.057664259,0.052226283,0.066540373,0.045543398,0.051497356,0.06281674,0.050044706,0.040687293
0.076539579,0.066924213,0.048586162,0.061611696,0.045767353,0.047359115,0.061219704,0.048219374,0.040937306
0.073988259,0.064240931,0.049295277,0.062165362,0.045969226,0.049970446,0.060340528,0.04907355,0.041025124
0.061231663,0.050771907,0.050949877,0.071365223,0.043524793,0.051748245,0.05746909,0.051549262,0.042439734
0.053577705,0.052350308,0.049614378,0.069463874,0.044015877,0.051269401,0.055460697,0.05191271,0.041357761
0.068885621,0.055244044,0.051895363,0.072934207,0.043685576,0.051327372,0.055573618,0.051811916,0.041628566
0.079090898,0.062031169,0.059435614,0.091659661,0.040422451,0.048649541,0.062711884,0.048024407,0.043402992
0.079090898,0.063662184,0.055842767,0.076264714,0.04403528,0.049500779,0.055654277,0.051051913,0.042326153
0.007653958,0.10880446,0.052947216,0.016313856,0.054217826,0.050377229,0.034142689,0.05595478,0.04245701
0.020410554,0.079551423,0.047203389,0.035871972,0.04811085,0.041301251,0.042886056,0.040011633,0.044716167
0.017859235,0.078920063,0.048101601,0.037078949,0.047797847,0.040995024,0.042829596,0.039979261,0.044814833
0.010205277,0.077394275,0.048101601,0.031751147,0.049364482,0.048242444,0.03516705,0.046666996,0.045492457
0.010205277,0.071501577,0.050075303,0.033862505,0.04888593,0.048936785,0.03458631,0.047187153,0.045435717
0.007653958,0.076499848,0.045808797,0.028989527,0.051263317,0.049534186,0.034183018,0.047658752,0.04618311
0.005102639,0.076973368,0.050288037,0.028248375,0.051833267,0.050217719,0.032521456,0.049434791,0.04685964
0.010205277,0.068292161,0.049803476,0.033963846,0.049133759,0.048723902,0.03448952,0.04678324,0.045907941
0.007653958,0.074027019,0.048042508,0.029082203,0.05152084,0.04977688,0.033892648,0.047702896,0.046176745
0.007653958,0.074027019,0.048042508,0.029082203,0.05152084,0.04977688,0.033892648,0.047702896,0.046176745
0.007653958,0.074184859,0.048373428,0.029185447,0.051391725,0.049738894,0.03396524,0.047566787,0.045870759
0.007653958,0.074027019,0.048042508,0.029082203,0.05152084,0.04977688,0.033892648,0.047702896,0.046176745
0.010205277,0.072448618,0.047262482,0.030302876,0.050886709,0.04928428,0.034545981,0.046822969,0.045747641
0.007653958,0.073869179,0.047498853,0.028758131,0.051610121,0.049192587,0.034441125,0.046685389,0.046088302
0.005102639,0.07560542,0.04677792,0.027548698,0.052277045,0.048309907,0.035279972,0.045763526,0.046742141
0.005102639,0.07560542,0.04677792,0.027548698,0.052277045,0.048309907,0.035279972,0.045763526,0.046742141
0.010205277,0.072132937,0.048621618,0.029659567,0.050886366,0.048907308,0.034731495,0.046063702,0.045806502
0.010205277,0.072132937,0.048621618,0.029659567,0.050886366,0.048907308,0.034731495,0.046063702,0.045806502
0.007653958,0.073395658,0.047451579,0.028972047,0.051909144,0.048988861,0.034723429,0.046110052,0.045871206
0.010205277,0.065030132,0.04902345,0.032109713,0.04995136,0.048332172,0.034755692,0.045535452,0.045836448
0.010205277,0.065082745,0.048207968,0.032531101,0.050069368,0.048189699,0.034691166,0.045472915,0.045889573
0.005102639,0.071185897,0.046872469,0.028121558,0.051864751,0.04841962,0.035304169,0.04534122,0.046632159
0.007653958,0.073711339,0.045442421,0.030109956,0.050386828,0.046074899,0.037054456,0.042863301,0.046026027
0.007653958,0.073185205,0.044319657,0.028493742,0.050884741,0.045631427,0.039038652,0.040838587,0.046202024
0.010205277,0.085181054,0.052710845,0.043037278,0.046758052,0.043946972,0.035191248,0.042209242,0.045480068
0.010205277,0.085181054,0.052710845,0.043037278,0.046758052,0.043946972,0.035191248,0.042209242,0.045480068
0,0.053349962,0.0565637,0.036058678,0.052673323,0.046249128,0.032214954,0.043811649,0.048134606
0,0.053349962,0.059187424,0.036657137,0.052670292,0.046249128,0.031174461,0.045456729,0.047992151
0.010205277,0.058979594,0.062567537,0.053527006,0.046316276,0.044577132,0.029149936,0.043707177,0.045813697
0.002551319,0.050245773,0.050607139,0.036789012,0.051565144,0.046251427,0.036651164,0.043075925,0.047215558
0.002551319,0.050245773,0.050607139,0.036789012,0.051565144,0.046251427,0.036651164,0.043075925,0.047215558
0.002551319,0.051982015,0.051564443,0.039955041,0.050044741,0.046487244,0.034650837,0.043019274,0.046773705
0.002551319,0.051350654,0.052013549,0.03991046,0.050331835,0.046825247,0.034473388,0.043362858,0.046592271
0.002551319,0.050456227,0.049200728,0.03584908,0.052494288,0.047711857,0.03549775,0.044189812,0.046902983
0.002551319,0.050456227,0.049200728,0.03584908,0.052494288,0.047711857,0.03549775,0.044189812,0.046902983
0,0.049561799,0.048739804,0.035104586,0.05276767,0.048261761,0.035296104,0.044291342,0.046847637
0,0.048141238,0.047333393,0.034686382,0.052493829,0.047323409,0.036352728,0.043206884,0.047237582
0.002551319,0.048088625,0.051481713,0.039554927,0.050291726,0.047960113,0.034174952,0.043906558,0.046946428
0.015307916,0.058348233,0.056031865,0.063628472,0.043581767,0.042862885,0.025842942,0.043180398,0.043818457
0.010205277,0.05892698,0.053455415,0.049804145,0.046577934,0.044694706,0.028173969,0.042509417,0.043381916
0.002551319,0.036987203,0.048787078,0.037763217,0.05209509,0.048703582,0.036296267,0.043930101,0.047036265
0.005102639,0.038776058,0.049720745,0.037110327,0.052007736,0.048602063,0.037385155,0.043773392,0.047068799
0.002551319,0.043774328,0.0510917,0.029438776,0.055596102,0.049991729,0.037135114,0.044684954,0.04752328
0.002551319,0.043774328,0.0510917,0.029438776,0.055596102,0.049991729,0.037135114,0.044684954,0.04752328
0.002551319,0.044668756,0.049283458,0.030443195,0.055071079,0.049774915,0.037941698,0.044523095,0.047379025
0.002551319,0.042932514,0.049153454,0.02956907,0.054929616,0.050184646,0.037078654,0.044982923,0.047546922
0.002551319,0.045142276,0.048066145,0.030437936,0.054608605,0.049664868,0.038078817,0.044527509,0.04764961
0.002551319,0.043616488,0.051942638,0.031344719,0.054556615,0.05032024,0.037159312,0.045408171,0.047465934
0.007653958,0.048772599,0.050087121,0.052278203,0.048775978,0.042252377,0.032836023,0.040417753,0.044846195
0.002551319,0.043248194,0.051351709,0.041213691,0.050796448,0.04701783,0.034078162,0.043212034,0.045861628
0.002551319,0.043248194,0.051351709,0.041213691,0.050796448,0.04701783,0.034078162,0.043212034,0.045861628
0.002551319,0.039828325,0.049779838,0.036878184,0.051521416,0.04640799,0.037723921,0.042055475,0.045494374
0,0.038723444,0.051800815,0.032758923,0.053981214,0.04985189,0.037707789,0.045890806,0.047125497
0.002551319,0.040880593,0.051020789,0.03234344,0.053845654,0.044372424,0.042192394,0.041035026,0.047801704
0,0.041196273,0.048349791,0.037936889,0.051182222,0.04490924,0.039732314,0.040989411,0.045829295
0,0.035408801,0.050689869,0.033273874,0.053676321,0.048223775,0.040103343,0.04490935,0.046680449
0,0.035408801,0.050689869,0.033273874,0.053676321,0.048223775,0.040103343,0.04490935,0.046680449
0.010205277,0.048456919,0.042783242,0.041194881,0.050988591,0.040300997,0.046039799,0.037942041,0.04433865
0,0.035724482,0.049862568,0.032831507,0.053859997,0.048742571,0.040135606,0.045185247,0.046703606
0.010205277,0.043406035,0.044166015,0.040008825,0.050910397,0.043516942,0.043636179,0.041306508,0.043943151
0,0.035724482,0.049862568,0.032831507,0.053859997,0.048742571,0.040135606,0.045185247,0.046703606
0.007653958,0.045089663,0.047392486,0.046083791,0.050319672,0.039656099,0.042595686,0.037703666,0.043608128
0.012756596,0.043406035,0.043941462,0.039498588,0.051093723,0.043324358,0.044055603,0.041061512,0.044106357
0,0.035093121,0.048574344,0.032555805,0.053663329,0.04756512,0.041861695,0.044156704,0.046837393
0.002551319,0.042774674,0.047120659,0.035151804,0.053122036,0.046336577,0.043410336,0.043611532,0.046877485
0.005102639,0.035566642,0.048704348,0.035514574,0.053453538,0.039853281,0.049193541,0.037655108,0.045515045
0.005102639,0.035198348,0.045584244,0.039788875,0.052683127,0.045939305,0.043023176,0.043905822,0.044412848
0.005102639,0.032778133,0.049177091,0.038585264,0.053013833,0.044283344,0.044458895,0.04209594,0.045288231
0.002551319,0.031831092,0.046411544,0.039709157,0.052657718,0.047175375,0.042668279,0.045516323,0.045194513
0.002551319,0.031831092,0.046411544,0.039709157,0.052657718,0.047175375,0.042668279,0.045516323,0.045194513
0.020410554,0.041196273,0.045796979,0.039008712,0.053177105,0.043274247,0.045741363,0.042708063,0.044383265
0.020410554,0.041196273,0.045796979,0.039008712,0.053177105,0.043274247,0.045741363,0.042708063,0.044383265
0.020410554,0.036671522,0.044674214,0.038189055,0.05336785,0.040276099,0.049637162,0.039542977,0.044818451
0.022961874,0.039828325,0.044591484,0.038235707,0.053351772,0.042052582,0.04706416,0.041537525,0.044681857
0.010205277,0.03351472,0.044579665,0.037831532,0.053215966,0.045209572,0.044934779,0.044373743,0.044659488
0.03571847,0.042774674,0.044201471,0.037494181,0.053779753,0.041047749,0.049540372,0.040386853,0.044684846
0.03571847,0.042774674,0.044201471,0.037494181,0.053779753,0.041047749,0.049540372,0.040386853,0.044684846
0.007653958,0.034724828,0.044095104,0.047744581,0.048261877,0.043739002,0.042031078,0.043493817,0.043653391
0.066334301,0.050140547,0.04686065,0.038460066,0.053272693,0.038298524,0.05241181,0.037861847,0.044382436
0.010205277,0.030200077,0.045064227,0.042958802,0.050538472,0.046980493,0.042047209,0.046806783,0.044251377
0.028064512,0.043616488,0.045501514,0.04164251,0.051771267,0.043786499,0.045176754,0.043546789,0.044804751
0.025513193,0.042722061,0.0456197,0.041623352,0.051597183,0.043524802,0.045362268,0.043195848,0.044696322
0.079090898,0.052350308,0.043551449,0.03834743,0.053080036,0.036617351,0.050250166,0.039768844,0.044597172
0.007653958,0.02962133,0.04429602,0.042724325,0.050520125,0.046606134,0.042442435,0.046555901,0.044470012
0.015307916,0.0330412,0.046955199,0.043485088,0.051093168,0.043385277,0.045846219,0.041693499,0.045577828
0.012756596,0.032620293,0.043858732,0.043476355,0.050331005,0.046440415,0.042579555,0.047050308,0.044251479
0.063782982,0.042616834,0.041814119,0.045603429,0.047157758,0.037946117,0.050411482,0.037802989,0.044783068
0.012756596,0.032567679,0.043705091,0.043323682,0.050290101,0.046647736,0.042289184,0.047406399,0.044199729
0.058680344,0.040775366,0.042747786,0.046988399,0.046713809,0.038843201,0.049604899,0.038604192,0.04497511
0.002551319,0.029673944,0.050418041,0.037990773,0.05411303,0.049452633,0.035699395,0.042753678,0.046768673
0.033167151,0.044353075,0.044225108,0.040023174,0.05203636,0.046732552,0.042039143,0.047861076,0.043940704
0.002551319,0.027885089,0.052060823,0.036088547,0.054265448,0.051051605,0.038796677,0.044127275,0.046753276
0.012756596,0.032251999,0.042156857,0.041046805,0.05053527,0.046783979,0.041821366,0.048193624,0.044090657
0.051026386,0.047878171,0.047959778,0.054462636,0.046573478,0.043816291,0.031981044,0.045693632,0.042299158
0.07143694,0.043616488,0.043752365,0.049719319,0.045939093,0.039954485,0.04783848,0.040538412,0.045192411
0.07143694,0.043616488,0.043752365,0.049719319,0.045939093,0.039954485,0.04783848,0.040538412,0.045192411
0.028064512,0.029726557,0.048231605,0.048868201,0.047587809,0.042409254,0.046725395,0.041480875,0.045225145
0.028064512,0.029726557,0.048231605,0.048868201,0.047587809,0.042409254,0.046725395,0.041480875,0.045225145
0.068885621,0.042722061,0.043752365,0.049719319,0.045939093,0.040564974,0.04783848,0.040538412,0.045192411
0.068885621,0.042669447,0.043811458,0.049529126,0.045918744,0.040150016,0.047661032,0.040864338,0.045124316
0.015307916,0.032515066,0.040986818,0.041201806,0.050132712,0.045456196,0.043031241,0.047022351,0.044067784
0,0.024044312,0.050938059,0.036911413,0.05354735,0.050325153,0.040732478,0.044494402,0.048013004
0,0.024149539,0.050193488,0.036985604,0.053600417,0.0502233,0.041159967,0.044350935,0.047502851
0.002551319,0.023886472,0.051115337,0.037953812,0.054443557,0.049843361,0.041869761,0.043888165,0.047260939
0.002551319,0.030200077,0.050276219,0.039448497,0.052484758,0.048390143,0.037062522,0.041875959,0.046771602
0.073988259,0.043721715,0.044154197,0.050039261,0.045831465,0.040510933,0.047185148,0.041555183,0.045265983
0.002551319,0.023939086,0.051647173,0.038750644,0.054079037,0.049348815,0.042442435,0.043693934,0.046602857
0.015307916,0.031725865,0.039828598,0.041637638,0.049327239,0.045076611,0.04301511,0.046956871,0.044215877
0.002551319,0.022781591,0.051989912,0.039611442,0.053406923,0.049911826,0.042652147,0.044400229,0.046843496
0,0.022886818,0.052297195,0.039243519,0.052847791,0.050478434,0.043216756,0.044470858,0.046831251
0.005102639,0.034935281,0.041116823,0.029785875,0.051690372,0.048681317,0.035538079,0.04454811,0.047592246
0.007653958,0.028253382,0.053100858,0.035301552,0.052453618,0.050759782,0.043708772,0.044303849,0.04643565
0.048475066,0.035934935,0.043232348,0.04705844,0.046387018,0.04402656,0.04243437,0.046815612,0.044642856
0.005102639,0.027095888,0.052049005,0.037016801,0.052042462,0.050575708,0.044039471,0.044657732,0.045984177
0.007653958,0.02898997,0.052498111,0.038094581,0.051535519,0.050161713,0.043999142,0.04419349,0.0463289
0.007653958,0.02898997,0.052498111,0.038094581,0.051535519,0.050161713,0.043999142,0.04419349,0.0463289
0.010205277,0.035619255,0.047238845,0.037118544,0.051329554,0.047845486,0.037514209,0.042271043,0.045797796
0.043372428,0.035566642,0.037937626,0.044174377,0.046597536,0.040514549,0.045096096,0.043787371,0.044387994
0.043372428,0.035566642,0.037937626,0.044174377,0.046597536,0.040514549,0.045096096,0.043787371,0.044387994
0.045923747,0.037355496,0.043740546,0.047029557,0.045945332,0.04450114,0.041442272,0.047635209,0.04451307
0.045923747,0.035671868,0.036873954,0.043931105,0.046562782,0.039790396,0.045660704,0.043234842,0.044518507
0.005102639,0.024254766,0.054140893,0.048187692,0.049802171,0.048649227,0.045773626,0.044208941,0.04614292
0.005102639,0.026885435,0.051942638,0.040397756,0.051076549,0.049823395,0.044958977,0.044630511,0.045928085
0.005102639,0.024254766,0.054140893,0.048187692,0.049802171,0.048649227,0.045773626,0.044208941,0.04614292
0.007653958,0.026780208,0.053124495,0.04611454,0.049855086,0.048723234,0.045741363,0.044309735,0.046379335
0.038269789,0.030884051,0.040041332,0.047986425,0.046085341,0.039226068,0.045176754,0.042738963,0.043798188
0.007653958,0.027727249,0.051434439,0.042531251,0.050344519,0.049495218,0.045459058,0.044692312,0.045945646
0.043372428,0.034935281,0.036803043,0.045809081,0.045010381,0.040975687,0.043386138,0.044986601,0.043972733
0.061231663,0.038249924,0.035160261,0.046144748,0.044764636,0.03994236,0.043676508,0.044316356,0.044440551
0.010205277,0.027990316,0.05142262,0.051629368,0.047043048,0.046053283,0.047870744,0.043342993,0.045827658
0.010205277,0.027990316,0.05142262,0.051629368,0.047043048,0.046053283,0.047870744,0.043342993,0.045827658
0.017859235,0.029884397,0.051446257,0.051369951,0.046996495,0.045923898,0.047991731,0.043145083,0.046364665
0.005102639,0.030778824,0.046104261,0.040438122,0.050060428,0.048116341,0.041079309,0.042959681,0.046055306
0.10715541,0.056085858,0.044650577,0.053098423,0.045798329,0.047150143,0.028528866,0.051404325,0.042145003
0.10715541,0.056085858,0.044650577,0.053098423,0.045798329,0.047150143,0.028528866,0.051404325,0.042145003
0.053577705,0.035040508,0.032642904,0.045063181,0.043322502,0.044318068,0.038998323,0.04958635,0.044375851
0.053577705,0.039354805,0.049153454,0.051251185,0.044314606,0.043629937,0.048951566,0.041845794,0.046340459
0.028064512,0.030778824,0.039403129,0.04637536,0.044998122,0.045659273,0.039409681,0.05002852,0.043905749
0.061231663,0.036408456,0.032820183,0.044613459,0.043576111,0.042305436,0.041014782,0.047149631,0.044468053
0.061231663,0.036408456,0.032820183,0.044613459,0.043576111,0.042305436,0.041014782,0.047149631,0.044468053
0.061231663,0.036408456,0.032820183,0.044613459,0.043576111,0.042305436,0.041014782,0.047149631,0.044468053
0.061231663,0.036408456,0.032820183,0.044613459,0.043576111,0.042305436,0.041014782,0.047149631,0.044468053
0.061231663,0.036408456,0.032820183,0.044613459,0.043576111,0.042305436,0.041014782,0.047149631,0.044468053
0.028064512,0.030673598,0.038516736,0.045858555,0.044205162,0.045090366,0.039812972,0.049615779,0.043727104
0.081642217,0.041196273,0.032737453,0.044416986,0.043801733,0.043565087,0.039369351,0.048786618,0.044402016
0.007653958,0.033725173,0.041955942,0.031675184,0.051564281,0.049285931,0.039329022,0.044440694,0.047277549
0.012756596,0.02509658,0.052249921,0.052908648,0.046634202,0.046866181,0.04774169,0.04419349,0.04573873
0.012756596,0.02509658,0.052249921,0.052908648,0.046634202,0.046866181,0.04774169,0.04419349,0.04573873
0.005102639,0.031778479,0.048148875,0.039213841,0.050143435,0.048691143,0.040966387,0.043485724,0.046124511
0.094398814,0.043195581,0.033151103,0.045115117,0.043684973,0.041390665,0.041256757,0.046410228,0.044493551
0.010205277,0.024307379,0.052533566,0.053042492,0.046712746,0.04693726,0.047717493,0.044158176,0.04590097
0.007653958,0.02930565,0.047853411,0.043729654,0.048176978,0.048337085,0.04282153,0.043518831,0.046294328
0.007653958,0.02930565,0.047853411,0.043729654,0.048176978,0.048337085,0.04282153,0.043518831,0.046294328
0.007653958,0.024570446,0.052226283,0.052960593,0.046624275,0.047029287,0.048274036,0.044030895,0.045899291
0.007653958,0.026990661,0.051328072,0.050190932,0.047949292,0.047928336,0.047193213,0.044164061,0.046055265
0.045923747,0.033304266,0.037169419,0.045369094,0.044690261,0.040746749,0.041837498,0.046608873,0.044916654
0.015307916,0.024254766,0.051859908,0.05367282,0.045829984,0.046171505,0.048628932,0.043739548,0.045987352
0.038269789,0.031831092,0.035940287,0.044722442,0.04423273,0.041597653,0.041490667,0.04697085,0.044951673
0.007653958,0.028305996,0.049141635,0.045532864,0.047305658,0.048455327,0.043878154,0.043788106,0.046264079
0.007653958,0.028305996,0.049141635,0.045532864,0.047305658,0.048455327,0.043878154,0.043788106,0.046264079
0.005102639,0.022781591,0.051824452,0.050789839,0.047400122,0.048593535,0.046378564,0.044618739,0.045900401
0.033167151,0.032304612,0.051576262,0.052724565,0.043858975,0.047677467,0.045160622,0.047820611,0.046345328
0.045923747,0.035408801,0.051871726,0.052508791,0.043857782,0.047704645,0.04547519,0.047277647,0.044399511
0.005102639,0.031515412,0.04669519,0.040455232,0.048810876,0.048397355,0.042256921,0.043724098,0.046149164
0.045923747,0.032462452,0.035538455,0.045255941,0.043083621,0.041798765,0.04103898,0.047410813,0.044857592
0.005102639,0.027727249,0.046092443,0.043041001,0.04822737,0.04875894,0.042877991,0.043947023,0.046050434
0.033167151,0.029042583,0.035680278,0.044957827,0.043796172,0.044465119,0.038974125,0.050094735,0.044338691
0.038269789,0.030147464,0.034971164,0.044780832,0.043118292,0.042746608,0.040474371,0.04821496,0.044808248
0.033167151,0.029042583,0.035680278,0.044957827,0.043796172,0.044465119,0.038974125,0.050094735,0.044338691
0.007653958,0.02883213,0.047817955,0.04383307,0.048482412,0.049173918,0.043152229,0.044090489,0.046852407
0.007653958,0.02883213,0.047817955,0.04383307,0.048482412,0.049173918,0.043152229,0.044090489,0.046852407
0.010205277,0.027622022,0.047510672,0.04473599,0.047677453,0.048942346,0.043870089,0.044077982,0.046766104
0.010205277,0.027622022,0.047510672,0.04473599,0.047677453,0.048942346,0.043870089,0.044077982,0.046766104
0.030615831,0.028305996,0.035633004,0.044824216,0.043651508,0.044718956,0.038514373,0.050599442,0.044456433
0.030615831,0.028305996,0.035633004,0.044824216,0.043651508,0.044718956,0.038514373,0.050599442,0.044456433
0.005102639,0.019835242,0.052273558,0.051716347,0.047079433,0.048498894,0.046531815,0.04449808,0.046073068
0.005102639,0.023044658,0.05167081,0.051853787,0.046196349,0.047295563,0.047394859,0.043412151,0.04602059
0.160733115,0.057190739,0.035763008,0.045711042,0.044070589,0.04003144,0.041668115,0.045983508,0.044910672
0.017859235,0.024517833,0.050961696,0.054757405,0.044615783,0.045536767,0.049451648,0.043477631,0.045843563
0.043372428,0.029568717,0.035124805,0.044997137,0.043346855,0.044501808,0.038570833,0.050737759,0.044620207
0.005102639,0.023255112,0.051989912,0.052495392,0.046395958,0.047748861,0.047435189,0.044192755,0.045962153
0.007653958,0.032462452,0.046021531,0.04192429,0.047237927,0.048403585,0.042700542,0.043936723,0.04649944
0.007653958,0.032462452,0.046021531,0.04192429,0.047237927,0.048403585,0.042700542,0.043936723,0.04649944
0.043372428,0.029568717,0.035124805,0.044997137,0.043346855,0.044501808,0.038570833,0.050737759,0.044620207
0.007653958,0.031725865,0.046234266,0.042647325,0.046951937,0.048535563,0.042845727,0.043993373,0.046474041
0.005102639,0.022413298,0.050808054,0.051333011,0.046042511,0.047966342,0.046902843,0.044149347,0.04598351
0.005102639,0.029989624,0.046825195,0.044066147,0.04654255,0.048896166,0.043934615,0.04428987,0.046234921
0.005102639,0.029989624,0.046825195,0.044066147,0.04654255,0.048896166,0.043934615,0.04428987,0.046234921
0.005102639,0.030778824,0.046210629,0.043356279,0.046582877,0.048639401,0.043821694,0.044177304,0.046302307
0.005102639,0.026990661,0.048137056,0.046541877,0.045804383,0.049002283,0.044587948,0.044389193,0.046247871
0.005102639,0.026990661,0.048137056,0.046541877,0.045804383,0.049002283,0.044587948,0.044389193,0.046247871
0.005102639,0.023044658,0.050039847,0.049902722,0.045061219,0.048706864,0.04615272,0.0443708,0.046241305
0.007653958,0.030463144,0.046600642,0.044588114,0.045726429,0.048552267,0.044555685,0.044206733,0.046262704
0.007653958,0.026096234,0.049756201,0.054297159,0.044026127,0.046185595,0.049104817,0.043493817,0.04611657
0.073988259,0.035356188,0.03259563,0.04507062,0.041960085,0.04485062,0.03882894,0.052354881,0.044646292
0.063782982,0.035303575,0.040880451,0.050491707,0.042065457,0.046040509,0.038336924,0.051875924,0.043025717
0.005102639,0.026622368,0.049307095,0.049954519,0.04217161,0.048747798,0.046112391,0.044273684,0.046078542
0.005102639,0.023623405,0.050075303,0.050672062,0.044220238,0.049193569,0.046556012,0.044843871,0.046176484
0.015307916,0.040564912,0.046801557,0.044230543,0.046424658,0.046040824,0.04479766,0.042830193,0.046125443
0.015307916,0.040827979,0.046967017,0.044453635,0.046321494,0.045880351,0.045200952,0.042740435,0.046210249
0.007653958,0.033725173,0.046872469,0.046342909,0.044238174,0.048162856,0.045015437,0.044326657,0.046133463
0.007653958,0.031620638,0.049980754,0.05043189,0.044278214,0.048946945,0.045902679,0.044658468,0.046082562
0.007653958,0.031620638,0.049980754,0.05043189,0.044278214,0.048946945,0.045902679,0.044658468,0.046082562
0.007653958,0.031620638,0.049980754,0.05043189,0.044278214,0.048946945,0.045902679,0.044658468,0.046082562
0.007653958,0.031620638,0.049980754,0.05043189,0.044278214,0.048946945,0.045902679,0.044658468,0.046082562
0.007653958,0.031620638,0.049980754,0.05043189,0.044278214,0.048946945,0.045902679,0.044658468,0.046082562
0.007653958,0.030200077,0.050039847,0.050747522,0.042231485,0.048958067,0.046007535,0.044707762,0.04611172
0.007653958,0.0330412,0.049389825,0.049896456,0.044474395,0.048721603,0.045781692,0.044598139,0.046090321
0.010205277,0.028569063,0.050571683,0.051531459,0.040291897,0.049068115,0.046378564,0.044807085,0.046669439
0.010205277,0.0330412,0.049153454,0.050223559,0.043850274,0.048044279,0.046297906,0.044075039,0.046381983
0.010205277,0.0330412,0.049153454,0.050223559,0.043850274,0.048044279,0.046297906,0.044075039,0.046381983
0.005102639,0.031304958,0.048432521,0.05002544,0.042443765,0.047959464,0.046443091,0.044350935,0.046288607
0.005102639,0.031304958,0.048432521,0.05002544,0.042443765,0.047959464,0.046443091,0.044350935,0.046288607
0.005102639,0.031304958,0.048432521,0.05002544,0.042443765,0.047959464,0.046443091,0.044350935,0.046288607
0.005102639,0.032041545,0.048113419,0.049434702,0.042670531,0.047940795,0.04638663,0.0443502,0.046136112
0.005102639,0.032041545,0.048113419,0.049434702,0.042670531,0.047940795,0.04638663,0.0443502,0.046136112
0.005102639,0.031304958,0.048432521,0.05002544,0.042443765,0.047959464,0.046443091,0.044350935,0.046288607
0.005102639,0.032935973,0.048692529,0.049560961,0.043279377,0.047071223,0.04677379,0.043681426,0.046432456
0.053577705,0.033251653,0.044768763,0.050305168,0.043332019,0.045454231,0.043119966,0.049265574,0.04612417
0.094398814,0.041196273,0.04089227,0.049763707,0.042485937,0.046278605,0.039208035,0.052523362,0.044743889
0.084193536,0.039512645,0.041743207,0.049275301,0.042857341,0.046648385,0.039014455,0.05250644,0.045814686
0.005102639,0.032935973,0.048692529,0.049560961,0.043279377,0.047071223,0.04677379,0.043681426,0.046432456
0.005102639,0.032988586,0.048562525,0.049716237,0.043258973,0.047315548,0.046757658,0.044046346,0.046341266
0.005102639,0.033935627,0.048456158,0.049254861,0.044458996,0.047371555,0.046668934,0.04426412,0.04613407
0.005102639,0.034830054,0.047770681,0.048353374,0.044889171,0.047018164,0.046652802,0.044130954,0.046129038
0.135219922,0.05082452,0.035042075,0.045504368,0.039934404,0.046575675,0.046717329,0.054489953,0.046150922
0.005102639,0.022623751,0.051978093,0.058198981,0.042324735,0.048312206,0.049370989,0.046039423,0.046336053
0.051026386,0.0330412,0.052450836,0.058339464,0.043194601,0.044981301,0.04995173,0.045509701,0.047047218
0.002551319,0.038460377,0.048007052,0.045337834,0.045979057,0.046904835,0.046209181,0.043717477,0.046713085
0.102052771,0.045142276,0.042038672,0.049684427,0.042408346,0.046738133,0.039127376,0.052637399,0.044758298
0.102052771,0.045142276,0.042038672,0.049684427,0.042408346,0.046738133,0.039127376,0.052637399,0.044758298
0.03571847,0.028042929,0.04976802,0.054109861,0.044022459,0.046303169,0.047177082,0.048726288,0.047032488
0.005102639,0.04161718,0.045643337,0.042062002,0.046984318,0.047073188,0.046031733,0.044114768,0.046604293
0.053577705,0.03398824,0.052521748,0.058393272,0.043250705,0.04495379,0.049838808,0.045647282,0.047377229
0.007653958,0.033462107,0.047983415,0.051272063,0.042542678,0.04554561,0.047733625,0.043609325,0.046397236
0.10715541,0.046562837,0.041932304,0.049652317,0.041720415,0.04609683,0.03945001,0.052292344,0.045840813
0.025513193,0.025833167,0.050252581,0.056283274,0.043037643,0.046922521,0.050540536,0.046649338,0.047324328
0.025513193,0.025833167,0.050252581,0.056283274,0.043037643,0.046922521,0.050540536,0.046649338,0.047324328
0.03571847,0.028305996,0.049366188,0.053536463,0.044364382,0.047392523,0.046362432,0.050070457,0.046759254
0.117360687,0.049351346,0.039934965,0.048996079,0.042543981,0.046066056,0.042321448,0.053092076,0.045711148
0.03571847,0.028621676,0.049366188,0.053554039,0.044650255,0.047975185,0.046176918,0.050696558,0.046296874
0.010205277,0.023623405,0.051481713,0.056346575,0.042681666,0.048135658,0.04946778,0.046008522,0.046549656
0.007653958,0.04551057,0.045926983,0.040386594,0.047205785,0.048715373,0.045257413,0.045428772,0.047146028
0.045923747,0.032883359,0.0472743,0.051230131,0.044569188,0.047789146,0.044571816,0.051409475,0.046188547
0.022961874,0.025517487,0.050831692,0.056908346,0.042758544,0.045817781,0.051968189,0.045571502,0.047051075
0.010205277,0.046668064,0.044662395,0.041309634,0.045885999,0.046552742,0.046991568,0.043914651,0.047234429
0.010205277,0.046668064,0.044662395,0.041309634,0.045885999,0.046552742,0.046991568,0.043914651,0.047234429
0.012756596,0.048299078,0.043291441,0.034965701,0.049840997,0.050188242,0.045047701,0.046469822,0.047357324
0.056129024,0.035040508,0.047002473,0.051764918,0.044190517,0.04488894,0.047749756,0.047919934,0.04699759
0.010205277,0.045615796,0.046387907,0.039674618,0.047215658,0.049305896,0.045620375,0.045944514,0.04735205
0.012756596,0.031199731,0.051375346,0.054209687,0.044389304,0.047310301,0.048798315,0.046024708,0.04654242
0.010205277,0.038618217,0.048810715,0.05272083,0.043288023,0.046717499,0.047467452,0.045402286,0.046861762
0.015307916,0.048825212,0.043906007,0.037035009,0.048172912,0.045341904,0.048290167,0.043033989,0.047627466
0.007653958,0.024096926,0.051848089,0.052355003,0.044367467,0.048710794,0.049201607,0.047599894,0.046880171
0.020410554,0.050245773,0.045158775,0.039314952,0.047323992,0.046170523,0.047628769,0.043922744,0.048047678
0.005102639,0.023360339,0.052131735,0.053135695,0.044098864,0.048330541,0.049225804,0.047555015,0.046895526
0.025513193,0.028411223,0.052167191,0.056647673,0.042489735,0.047653218,0.051411646,0.048046479,0.047920336
0.053577705,0.032251999,0.048337972,0.054479265,0.043007326,0.046828843,0.049338726,0.049222902,0.047656298
0.012756596,0.035040508,0.049224365,0.054921242,0.042966785,0.046893378,0.048330496,0.046299869,0.047025918
0.012756596,0.034040854,0.048751622,0.055343305,0.043315564,0.047123614,0.048403089,0.046524265,0.046993002
0.017859235,0.044510915,0.046896106,0.04839523,0.043688881,0.045565595,0.04855634,0.044576803,0.047428593
0.058680344,0.037671177,0.047156115,0.055524655,0.043042751,0.044381601,0.049080619,0.048453334,0.048265361
0.012756596,0.049561799,0.045726067,0.043230422,0.045868564,0.048633506,0.046475354,0.046791333,0.048646717
0.005102639,0.021834551,0.051446257,0.054491195,0.043667921,0.048576831,0.04946778,0.048556336,0.047061259
0.010205277,0.032567679,0.048515251,0.055393687,0.043429177,0.047011601,0.04865313,0.046806783,0.04706013
0.012756596,0.048351692,0.046257903,0.043854804,0.045814153,0.049051411,0.046539881,0.047318112,0.04850913
0.012756596,0.038986511,0.048337972,0.05317607,0.04252259,0.046648719,0.047886875,0.046491158,0.047073141
0.005102639,0.022465911,0.051387165,0.054529245,0.043773328,0.048306959,0.049516175,0.048211281,0.047103856
0.012756596,0.048351692,0.046257903,0.043854804,0.045814153,0.049051411,0.046539881,0.047318112,0.04850913
0.022961874,0.026096234,0.050949877,0.057381825,0.041471879,0.047847117,0.051089013,0.048657866,0.047448859
0.020410554,0.023518179,0.0494371,0.056584884,0.041568997,0.048284694,0.050500207,0.049613572,0.048024097
0.015307916,0.049246119,0.04586789,0.043183527,0.045532407,0.048778258,0.046499551,0.04718936,0.048504785
0.005102639,0.022728978,0.051564443,0.055429429,0.043497114,0.047963709,0.049919466,0.04813403,0.047277227
0.005102639,0.022728978,0.051564443,0.055429429,0.043497114,0.047963709,0.049919466,0.04813403,0.047277227
0.005102639,0.022728978,0.051564443,0.055429429,0.043497114,0.047963709,0.049919466,0.04813403,0.047277227
0.005102639,0.022728978,0.051564443,0.055429429,0.043497114,0.047963709,0.049919466,0.04813403,0.047277227
0.005102639,0.023833859,0.051363527,0.05510427,0.043680413,0.047702346,0.049838808,0.047880941,0.047102825
0.005102639,0.04566841,0.044910585,0.040632034,0.045999283,0.046568463,0.047612637,0.04503148,0.048404119
0.005102639,0.04566841,0.044910585,0.040632034,0.045999283,0.046568463,0.047612637,0.04503148,0.048404119
0.005102639,0.025043967,0.050902603,0.055289004,0.043571846,0.047477672,0.049846874,0.047857398,0.047099855
0.002551319,0.050614067,0.04254687,0.036067118,0.047961229,0.046854724,0.047669098,0.045632567,0.048106721
0.012756596,0.031410185,0.048373428,0.056427083,0.042589135,0.045645517,0.049733952,0.046385949,0.047018887
0.005102639,0.025359647,0.050642594,0.055931966,0.043056882,0.047196658,0.050040454,0.047833119,0.047130164
0.025513193,0.030989278,0.050335311,0.055211783,0.042690558,0.047958796,0.050677655,0.04950542,0.047190075
0.015307916,0.048193852,0.045395147,0.044284621,0.044211181,0.04892073,0.046564078,0.04790522,0.048779897
0.053577705,0.034882668,0.044130559,0.05275206,0.043709264,0.046373914,0.044265315,0.051167422,0.046805446
0.012756596,0.050456227,0.044638758,0.038076464,0.047188521,0.050909781,0.045467124,0.048948477,0.048449462
0.010205277,0.035093121,0.048290698,0.055789255,0.041912613,0.045890491,0.049048356,0.046277062,0.047288339
0.017859235,0.049982706,0.045513333,0.042174699,0.045203155,0.05040311,0.045830087,0.048957306,0.048575266
0.010205277,0.026622368,0.048456158,0.056528539,0.041935327,0.045907863,0.050322758,0.047410813,0.047313477
0.012756596,0.033304266,0.047841592,0.057303095,0.040946857,0.044856515,0.049443582,0.04601073,0.047364681
0.030615831,0.048772599,0.045690611,0.046363863,0.043660743,0.043029588,0.050500207,0.042750735,0.048786262
0.022961874,0.028358609,0.049129817,0.054956131,0.041826246,0.049926879,0.048975763,0.051549262,0.04787275
0.015307916,0.035671868,0.047286119,0.05418394,0.041891962,0.046013646,0.048419221,0.046703046,0.047636051
0.020410554,0.049614413,0.045501514,0.044267534,0.044401665,0.049734296,0.046184984,0.048818254,0.04881073
0.015307916,0.051403268,0.044674214,0.040259675,0.04582247,0.050676264,0.045531651,0.049225845,0.048287446
0.017859235,0.048456919,0.044839674,0.04404603,0.044632368,0.049783424,0.04609626,0.048707895,0.048739442
0.017859235,0.050351,0.044886948,0.041880937,0.045326997,0.050402128,0.045757494,0.049116222,0.048518102
0.017859235,0.048877826,0.044934223,0.0426582,0.044861548,0.050342505,0.045886548,0.049322961,0.048484841
0.015307916,0.051824175,0.044615121,0.041875499,0.045135492,0.050360526,0.045781692,0.049009542,0.048538428
0.084193536,0.043248194,0.043173255,0.049319752,0.044723808,0.047532362,0.042063341,0.053548961,0.045669563
0.020410554,0.028411223,0.046624279,0.055976799,0.041464146,0.048947593,0.048814447,0.05133296,0.04730016
0.020410554,0.028411223,0.046624279,0.055976799,0.041464146,0.048947593,0.048814447,0.05133296,0.04730016
0.028064512,0.046404997,0.046458819,0.049197563,0.042119065,0.043968923,0.049653294,0.044359764,0.048344447
0.017859235,0.047772945,0.045170594,0.045357708,0.043314282,0.048852933,0.046612473,0.048431998,0.048677004
0.025513193,0.028884743,0.047120659,0.056279421,0.041579068,0.048369509,0.048604735,0.051126957,0.047819871
0.010205277,0.027464182,0.047392486,0.057660868,0.041163909,0.045625532,0.04975815,0.047775732,0.047974548
0.010205277,0.027464182,0.047392486,0.057660868,0.041163909,0.045625532,0.04975815,0.047775732,0.047974548
0.012756596,0.027674635,0.047404305,0.057626932,0.041071022,0.045009128,0.050314692,0.047238653,0.048069561
0.010205277,0.027832475,0.047345212,0.057741446,0.040848451,0.045939953,0.049588767,0.048025143,0.04789724
0.015307916,0.031620638,0.046801557,0.056360964,0.040366382,0.045045483,0.049403253,0.046771469,0.047894917
0.028064512,0.04629977,0.046340633,0.04818298,0.042303714,0.043570983,0.049983993,0.043961002,0.049003704
0.022961874,0.026622368,0.047817955,0.060759453,0.03916664,0.045777181,0.050193705,0.049072814,0.047595478
0.022961874,0.026622368,0.047817955,0.060759453,0.03916664,0.045777181,0.050193705,0.049072814,0.047595478
0.012756596,0.029200423,0.046588823,0.057594804,0.040565203,0.045473882,0.049403253,0.047861076,0.047916274
0.020410554,0.026411914,0.044579665,0.056502855,0.040201656,0.049951443,0.04754811,0.052812501,0.047263871
0.017859235,0.043932168,0.044993315,0.046775574,0.042521452,0.044405183,0.049338726,0.045191868,0.048952602
0.022961874,0.026517141,0.048597981,0.060306647,0.040101132,0.047134756,0.049604899,0.050187437,0.047473087
0.022961874,0.027464182,0.04429602,0.057543575,0.039660296,0.050315662,0.046305971,0.053426095,0.047397658
0.020410554,0.031199731,0.046151536,0.056704572,0.040150695,0.044869289,0.049483911,0.047260725,0.04796275
0.017859235,0.030200077,0.046293359,0.057074545,0.040164798,0.045111649,0.049403253,0.047642566,0.04787267
0.022961874,0.032778133,0.04694338,0.056425199,0.039692074,0.044701584,0.049604899,0.046794276,0.048148344
0.022961874,0.032778133,0.04694338,0.056425199,0.039692074,0.044701584,0.049604899,0.046794276,0.048148344
0.020410554,0.026780208,0.043232348,0.056866749,0.039781725,0.049324251,0.047249674,0.052554998,0.047221518
0.020410554,0.031515412,0.046305177,0.056474673,0.039714151,0.045065134,0.049475845,0.047571937,0.048033614
0.017859235,0.028516449,0.04628154,0.057823544,0.040186731,0.045871508,0.048967698,0.048871962,0.048246164
0.017859235,0.030042237,0.046104261,0.056891725,0.040266563,0.045725105,0.048999961,0.048466577,0.047965092
0.028064512,0.029358263,0.045726067,0.058568367,0.040329359,0.049091697,0.04595914,0.052798522,0.047881721
0.017859235,0.028726903,0.046624279,0.058251637,0.039821799,0.045983521,0.048903171,0.049128729,0.047361628
0.028064512,0.036040162,0.046659735,0.054871314,0.039529597,0.044824405,0.049500043,0.047085623,0.04822014
0.028064512,0.036040162,0.046659735,0.054871314,0.039529597,0.044824405,0.049500043,0.047085623,0.04822014
0.015307916,0.040880593,0.043433264,0.046915557,0.041132172,0.043290302,0.050185639,0.045074152,0.049626748
0.056129024,0.038092084,0.043681454,0.057547419,0.040263122,0.047398418,0.044434697,0.052516004,0.048129673
0.025513193,0.034356534,0.046257903,0.053554414,0.039737228,0.045167989,0.049370989,0.047480707,0.04834281
0.056129024,0.038092084,0.043681454,0.057547419,0.040263122,0.047398418,0.044434697,0.052516004,0.048129673
0.104604091,0.0586113,0.038504918,0.047445109,0.044031091,0.047171111,0.043168361,0.054222885,0.048319998
0.020410554,0.036776749,0.045395147,0.049628698,0.040657562,0.044538163,0.049282265,0.046418321,0.04843261
0.012756596,0.040827979,0.043610542,0.046158731,0.041342765,0.042862551,0.050548602,0.044817385,0.049741701
0.015307916,0.027727249,0.045962439,0.05739621,0.03962245,0.045768004,0.048927368,0.049323696,0.048147374
0.020410554,0.036776749,0.045395147,0.049628698,0.040657562,0.044538163,0.049282265,0.046418321,0.04843261
0.020410554,0.036776749,0.045395147,0.049628698,0.040657562,0.044538163,0.049282265,0.046418321,0.04843261
0.081642217,0.045721023,0.038776745,0.049295614,0.043121652,0.046545864,0.043152229,0.053566619,0.049230419
0.022961874,0.033883014,0.04628154,0.050595379,0.040586498,0.045603581,0.048999961,0.047521172,0.048509354
0.135219922,0.085023214,0.036933047,0.042319254,0.045958077,0.04845794,0.048419221,0.056127675,0.048827461
0.053577705,0.040775366,0.041246827,0.054486677,0.041169572,0.046565201,0.043063505,0.053042047,0.048120035
0.056129024,0.038249924,0.042830516,0.055382455,0.040892783,0.048528371,0.042563423,0.054072797,0.046123139
0.053577705,0.037934243,0.043125981,0.056854535,0.040005105,0.047786198,0.043458731,0.05315682,0.048020922
0.051026386,0.035987549,0.043102343,0.056571541,0.040345066,0.048695722,0.042757003,0.054073533,0.0477464
0.048475066,0.044037395,0.044993315,0.054601575,0.038494869,0.041935342,0.05111321,0.045172004,0.048076673
0.022961874,0.033619947,0.046009713,0.049267743,0.040767576,0.045517115,0.049072554,0.047364462,0.048516931
0.033167151,0.031515412,0.044686032,0.050122826,0.041059469,0.043249349,0.050330824,0.045645075,0.048182999
0.025513193,0.034830054,0.045749704,0.047734226,0.041220664,0.045146373,0.049266134,0.046815612,0.048501451
0.012756596,0.027095888,0.046151536,0.04881426,0.042016161,0.045528592,0.04904029,0.047527057,0.048505209
0.137771241,0.084917988,0.035455725,0.03989768,0.04665412,0.048841142,0.049935598,0.056673583,0.048311875
0.015307916,0.040617526,0.041565929,0.043495627,0.041782737,0.041897336,0.051742346,0.044442165,0.049461295
0.040821109,0.030200077,0.043114162,0.055728816,0.040979273,0.050377878,0.042031078,0.055475088,0.046990115
0.020410554,0.031831092,0.045903346,0.045078731,0.042719944,0.045132931,0.049483911,0.046444071,0.048662497
0.020410554,0.032988586,0.04570243,0.045220562,0.042109905,0.045289494,0.049379055,0.04665596,0.048590076
0.010205277,0.037355496,0.040774084,0.042360004,0.042175196,0.042866482,0.051105144,0.045657582,0.049710584
0.010205277,0.037355496,0.040774084,0.042360004,0.042175196,0.042866482,0.051105144,0.045657582,0.049710584
0.015307916,0.028726903,0.04619881,0.045457891,0.043045994,0.045129001,0.049274199,0.046545601,0.048601957
0.043372428,0.039196965,0.045406966,0.048640419,0.040214237,0.042095166,0.050968025,0.044116239,0.048265422
0.048475066,0.044353075,0.045477877,0.047866011,0.04008768,0.040999603,0.051653621,0.042909651,0.048141372
0.028064512,0.035829708,0.044946041,0.043765015,0.042142506,0.044669159,0.049943664,0.046055609,0.048648191
0.028064512,0.032620293,0.045430603,0.042590674,0.043122865,0.044400604,0.050225968,0.045603874,0.048538368
0.025513193,0.038249924,0.045820616,0.041794986,0.043221498,0.044295135,0.050209837,0.045784862,0.048593834
0.005102639,0.038249924,0.038434006,0.028451174,0.045426487,0.051609703,0.047338399,0.05144479,0.049888278
0.005102639,0.036776749,0.038918568,0.029938417,0.04453645,0.051131193,0.047822349,0.051278516,0.049639963
0.10715541,0.078288702,0.035786645,0.040556603,0.046468003,0.049048798,0.049403253,0.056926672,0.048896063
0.015307916,0.036145389,0.044591484,0.043002691,0.043361946,0.044750398,0.049895269,0.046847248,0.048736411
0.025513193,0.037460723,0.046919743,0.041187974,0.044366301,0.045011427,0.050193705,0.046078416,0.048580581
0.022961874,0.038249924,0.045584244,0.041443342,0.044526982,0.043965641,0.050443746,0.045512644,0.048924129
0.030615831,0.035093121,0.046884287,0.057574872,0.039173208,0.046778418,0.046257576,0.051510269,0.048425737
0.007653958,0.031041891,0.041660477,0.042469882,0.041979666,0.043873614,0.051032552,0.046921556,0.048902973
0.005102639,0.029568717,0.04171957,0.04216807,0.041860321,0.044440555,0.05072605,0.047432149,0.048765974
0.022961874,0.037934243,0.047534309,0.039904914,0.045924935,0.045259368,0.050185639,0.046233654,0.048778662
0.028064512,0.032357226,0.045796979,0.040451921,0.044812609,0.044597766,0.049959796,0.04573189,0.048719642
0.099501452,0.07949881,0.028931872,0.033005536,0.047474374,0.05074864,0.059808183,0.058424607,0.047912133
0.025513193,0.034777441,0.046872469,0.040451331,0.044987289,0.044984564,0.050008191,0.045868735,0.048773127
0.028064512,0.031988932,0.045690611,0.04036629,0.044819389,0.04442222,0.049911401,0.045608288,0.048714489
0.017859235,0.03740811,0.0456197,0.041250225,0.044520496,0.044866007,0.050056586,0.046614759,0.048497692
0.005102639,0.032146772,0.038871294,0.035726183,0.042907329,0.047607371,0.049637162,0.049377404,0.050070397
0.020410554,0.036881976,0.04628154,0.04055432,0.0449387,0.045143425,0.050008191,0.046695689,0.04861768
0.025513193,0.032041545,0.045974257,0.040275379,0.044962936,0.04485062,0.049830742,0.046096809,0.048702729
0.002551319,0.030042237,0.039036754,0.036037536,0.042670106,0.048265043,0.049338726,0.050431697,0.050074337
0.007653958,0.02898997,0.042617782,0.041804539,0.04181782,0.044931191,0.050790577,0.047864755,0.048734471
0.002551319,0.030042237,0.039036754,0.036037536,0.042670106,0.048265043,0.049338726,0.050431697,0.050074337
0.002551319,0.030042237,0.039036754,0.036037536,0.042670106,0.048265043,0.049338726,0.050431697,0.050074337
0.002551319,0.030042237,0.039036754,0.036037536,0.042670106,0.048265043,0.049338726,0.050431697,0.050074337
0.038269789,0.043195581,0.045560607,0.04445962,0.04097084,0.041183343,0.050935762,0.04290818,0.048425192
0.033167151,0.039775712,0.04512332,0.041382715,0.042400434,0.04174209,0.05091963,0.043125954,0.048675428
0.002551319,0.033251653,0.039887691,0.032722978,0.044349908,0.050484978,0.048677327,0.05138446,0.049848713
0.005102639,0.030620984,0.041400469,0.040729386,0.042479807,0.044462172,0.050484075,0.047723496,0.048550067
0.005102639,0.030620984,0.041400469,0.040729386,0.042479807,0.044462172,0.050484075,0.047723496,0.048550067
0.007653958,0.032778133,0.041116823,0.040927374,0.042923948,0.043363012,0.051056749,0.04655443,0.048523417
0.007653958,0.032567679,0.042676875,0.040587377,0.042600085,0.045193536,0.049943664,0.047690388,0.048590705
0.002551319,0.027043275,0.0401477,0.035978723,0.042469914,0.045753266,0.05111321,0.048286325,0.050221119
0.015307916,0.031410185,0.043858732,0.039873811,0.043736908,0.045608828,0.049790413,0.047282061,0.049105521
0,0.024886126,0.040750447,0.036369747,0.04295526,0.045516801,0.051314856,0.048444506,0.049900989
0.007653958,0.034619601,0.039804961,0.028576566,0.048191108,0.047382029,0.048015929,0.048689502,0.049756329
0.010205277,0.026780208,0.041483199,0.041023099,0.042399974,0.045355326,0.050411482,0.048729231,0.048509331
0.002551319,0.02509658,0.041435924,0.036765527,0.043809082,0.044857812,0.051516502,0.048003807,0.049181458
0.040821109,0.034566987,0.046801557,0.049656626,0.039298717,0.042937561,0.047193213,0.046272647,0.048035069
0.025513193,0.032778133,0.043255985,0.043689034,0.042162444,0.04245905,0.049258068,0.045325034,0.047693317
0.028064512,0.034461761,0.043291441,0.045261254,0.04161943,0.042008366,0.049096751,0.045172004,0.047596466
0.007653958,0.023097272,0.040880451,0.042211753,0.042618795,0.045403806,0.049806545,0.049644472,0.049258202
0.005102639,0.025359647,0.041353194,0.040496862,0.043237047,0.043509729,0.051185803,0.04772791,0.049099258
0.010205277,0.023728632,0.039757687,0.040913391,0.043297546,0.046173805,0.048975763,0.050544263,0.048331232
0.007653958,0.025622714,0.041093186,0.039486785,0.043438316,0.044074391,0.050717984,0.048490121,0.048902833
0.010205277,0.027937702,0.04039589,0.035624927,0.045592254,0.047024708,0.048532142,0.051438904,0.048740919
0.020410554,0.031252345,0.04271233,0.040968055,0.042882482,0.046482979,0.047370662,0.051062949,0.049521452
0.033167151,0.039039124,0.041695933,0.039744729,0.042667871,0.044494262,0.049911401,0.0485659,0.048420789
0.033167151,0.039039124,0.041695933,0.039744729,0.042667871,0.044494262,0.049911401,0.0485659,0.048420789
0.066334301,0.06345173,0.040785903,0.041236711,0.043215924,0.043062995,0.049516175,0.04897202,0.048986488
0.048475066,0.054665297,0.036070291,0.041210331,0.043962852,0.041641868,0.046007535,0.047761018,0.049433312
0.053577705,0.057874713,0.040998637,0.038346732,0.045261254,0.047439352,0.047773954,0.053754228,0.049874658
